stop_id,stop_name,stop_lat,stop_lon,trip_count,routes
0001RLW,Railways,-1.290884,36.828242,14,125 126 56 2 8 102 111
0002KOJ,Koja,-1.28123,36.822596,0,
0003NGR,Ngara,-1.274395,36.823806,0,
0004ODN,Odeon,-1.282769,36.825032,0,
0005AMB,Kencom/Ambassadeur,-1.285963,36.826048,0,
0006BSS,Bus Station,-1.287191,36.828881,0,
0007COM,Commercial,-1.284282,36.826188,0,
0008MUT,Muthurwa,-1.288049,36.833947,0,
0010OTC,OTC,-1.284947,36.830994,0,
0011TUS,Tusker/Ronald Ngala,-1.285346,36.828574,0,
0013ALS,Allsops,-1.244951,36.867888,0,
0014KRA,Kariobangi Round About,-1.262408,36.879051,0,
010044G,44 Githurai,-1.195514,36.902695,1,107D
0100AAA,Sahala,-1.206232,36.790681,1,107D
0100AAE,Aga Khan Hospital Entrance,-1.26177,36.82218,1,11A
0100ACP,PCEA,-1.184213,36.907515,1,107D
0100AEI,Nyari Police,-1.225512,36.788042,1,108
0100AEL,Membley Stage,-1.160297,36.922367,1,107D
0100AKA,Chamoka,-1.218551,36.774437,1,108
0100AL2,Lane 26,-1.202838,36.769285,1,114R
0100AMY,Kwa Nyama,-1.204494,36.786014,1,107D
0100ANJ,Kwa Kiwanja,-1.171676,36.916509,1,107D
0100A.P,A.P.,-1.178289,36.91196,1,107D
0100APC,PCEA,-1.188633,36.737222,1,114R
0100ARG,Arya Girls' Secondary School,-1.26081,36.81997,1,11A
0100ARI,Kwa Daktari,-1.185329,36.733381,1,114R
0100ASD,Ambassadors,-1.19794,36.75537,2,107 114R
0100ASW,Car Wash,-1.204816,36.782559,1,107D
0100AWA,Wataalam,-1.149612,36.947408,1,107D
0100BKH,Bypass Stage Kiambu,-1.215781,36.835061,1,107D
0100BKK,Kabuku,-1.154729,36.674563,1,114R
0100BLD,God's Ability,-1.202672,36.768719,1,107
0100CAR,Kwa Machiri,-1.173731,36.712964,1,114R
0100CBR,Cooperative Bank Ruaka,-1.20678,36.78464,2,107 114R
0100CCD,Coca Cola Depot,-1.25983,36.8176,1,11A
0100CHE,Commission Of Higher Education,-1.227579,36.797994,1,108
0100CHL,Chantilly School,-1.181032,36.762044,2,106 116
0100CTC,Christco,-1.19626,36.75305,2,107 114R
0100CTR,Doctor's Park,-1.261466,36.821647,1,11A
0100DPA,Delta Petrol Station Ruaka/Border,-1.208925,36.787827,4,106 107 116 11B
0100EIE,Mfereji,-1.20309,36.770237,1,107
0100EIL,Milele,-1.200816,36.762284,1,114R
0100EIO,Sovereign,-1.169498,36.700194,1,114R
0100ESN,Dispensary,-1.190205,36.739137,1,114R
0100GAO,Kahigo,-1.203959,36.773405,1,114R
0100GUG,Guango,-1.195629,36.780871,2,106 116
0100GVS,Green Valley School,-1.124978,36.677156,1,116
0100HYD,Shady,-1.193876,36.749756,1,114R
0100IKW,Kwa Viti,-1.186262,36.734438,1,114R
0100ILL,Milele,-1.204421,36.77496,1,114R
0100INT,Nish Raaj Estate,-1.257623,36.812493,1,11A
0100ITS,Gwaiti,-1.186867,36.735148,1,114R
0100JAK,Jakai,-1.219687,36.77222,1,108
0100JO.,O.J,-1.152971,36.920232,1,107D
0100JOA,Kianjogu,-1.183204,36.730275,1,114R
0100JYL,Joyland,-1.204897,36.776615,1,107
0100KCK,Kenchic,-1.132722,36.69801,1,116
0100KHR,Kahawa Railways Roundabout,-1.186098,36.906817,1,107D
0100KMU,Kwa Sukuma,-1.179068,36.724052,1,114R
0100KNA,Kona,-1.221391,36.779214,1,108
0100KNE,Kwa Njenga,-1.220364,36.778455,1,108
0100KSS,Kwa Shule/Seth Home Of Love Children's Home/Muchatha Dispensary,-1.189608,36.773253,2,106 116
0100KTC,Quickmart,-1.20672,36.783439,2,107 114R
0100KWH,Kwa Chief,-1.216485,36.821754,1,107D
0100LDL,Redhill,-1.169992,36.701473,1,114R
0100LHH,Jamhuri School,-1.272504,36.822575,1,114R
0100LIK,Likoni,-1.179095,36.760938,2,106 116
0100LMC,Limuru Catering,-1.124471,36.679689,1,116
0100LPS,Limuru Post Office,-1.118464,36.643126,1,116
0100LSM,Life Sanctuary/Muchatha,-1.191495,36.775223,2,106 116
0100..M,K.M.,-1.167727,36.919008,1,107D
0100MCO,Stima Sacco,-1.272774,36.820861,1,107
0100MCY,Mothers Mercys/GD,-1.179957,36.725401,1,114R
0100MFB,Mifereji/God's Ability,-1.20213,36.76693,2,107 114R
0100MIS,Mary Immaculate Secondary School/Muchatha,-1.190679,36.774297,2,106 116
0100MOM,Mombasa,-1.17786,36.760345,2,106 116
0100MOU,Mugumo,-1.209636,36.799865,1,107D
0100MRB,Maramba Tea Factory,-1.134476,36.703498,1,116
0100MRC,Movers/Rosslyn Centre,-1.210948,36.790209,5,106 107 114R 116 11B
0100NAM,National Oil/Muchatha,-1.193428,36.777892,2,106 116
0100NCE,Container,-1.204523,36.77554,1,114R
0100NDT,Ndenderu Junction,-1.19233,36.7437,2,107 114R
0100NJT,Kwa Njoki/Thimbigwa Ack,-1.183852,36.763684,2,106 116
0100NKD,Ndenderu Kwa Maduka,-1.19449,36.75061,1,107
0100NMT,New Muthaiga,-1.228621,36.798616,1,108
0100NRP,Round About Eastern Bypass,-1.155235,36.926119,1,107D
0100NSO,Movers,-1.210059,36.789171,2,106 107
0100ONO,Ngomongo,-1.202822,36.890145,1,107D
0100OOA,Kwa Soko,-1.149789,36.948829,1,107D
0100OTN,Hilton,-1.150637,36.94259,1,107D
0100OTS,Posta,-1.170669,36.708026,1,114R
0100PEF,Pefa/All Nations/Muchatha,-1.197129,36.782933,2,106 116
0100PNA,Amani Plaza,-1.259626,36.817136,1,11A
0100POA,Pa Mutoori,-1.202194,36.767171,1,114R
0100POW,Power,-1.21731,36.778253,1,108
0100PSA,La Philla Carwash,-1.190634,36.906088,1,107D
0100RBJ,Ruaka/Banana Junction/Tuskys Supermarket,-1.20722,36.78602,5,106 107 114R 116 11B
0100RCN,Ruaka Catholic Church Entrance,-1.20614,36.78059,2,107 114R
0100REE,PCEA Ndenderu,-1.195537,36.75203,1,107
0100RES,Runda Estate Entrance,-1.21873,36.80177,5,106 107 114R 116 11B
0100RGH,Jamhuri High School,-1.272204,36.822395,3,107 11A 11B
0100RJI,Ruiru Road Junction,-1.152105,36.919942,1,107D
0100RKH,Runda/Karura Carwash,-1.22091,36.80144,5,106 107 114R 116 11B
0100RRD,Ruaka Redeemed Gospel Church,-1.20651,36.78206,2,107 114R
0100RRJ,Redhill Road Junction,-1.23398,36.80339,5,106 107 114R 116 11B
0100RRP,Rosslyn Road/Karura Community Chapel,-1.216398,36.799275,5,106 107 114R 116 11B
0100RUD,Runda Road,-1.215553,36.814957,1,107D
0100RUI,Marurui/JuaKali,-1.211282,36.874438,1,107D
0100RYA,Rumenye,-1.199645,36.758151,2,107 114R
0100SAR,Car Wash,-1.217006,36.777211,1,108
0100SHT,Sacred Heart,-1.186278,36.767456,2,106 116
0100SKU,Kibutu Stage,-1.188274,36.771318,1,116
0100SLG,Slaughter/Bypass,-1.20578,36.78005,2,107 114R
0100SNW,Good News/Nyari Gate 2,-1.22548,36.791518,1,108
0100S/R,Rosslyn Road/Riviera,-1.217129,36.800431,1,114R
0100STI,Site,-1.178033,36.722459,1,114R
0100T1I,Barrier 1/Nyari Gate 1,-1.226569,36.795694,1,108
0100TCP,Total/City Park,-1.25943,36.82673,5,106 107 114R 116 11B
0100TIG,Tigoni,-1.126686,36.671788,1,116
0100TOR,Metro,-1.215183,36.859565,1,107D
0100TPS,Post,-1.149687,36.945525,1,107D
0100TTM,Total/Muchatha,-1.193078,36.777371,2,106 116
0100UBP,Bumps,-1.206464,36.781838,1,114R
0100UEA,Delta Petrol Station Ruaka/Border,-1.208793,36.787926,1,114R
0100UMA,Munata,-1.220374,36.768392,1,108
0100UMT,Makutano,-1.192345,36.745231,1,114R
0100VDA,Victory Gospel/Sda,-1.19432,36.7429,1,107
0100VEV,Velvet Lounge/Kigwaru,-1.202782,36.785553,2,106 116
0100VIN,Victory Inn,-1.181773,36.762476,2,106 116
0100VLU,6th Parklands Avenue/Regal House/Kobil,-1.257893,36.826952,2,107 114R
0100WSI,Nyari West,-1.225469,36.785949,1,108
0100XAM,Maxx,-1.182003,36.728585,1,114R
0101AGA,Aga Khan Academy,-1.26628,36.82331,6,106 107 114R 116 11A 11B
0101AKE,Aga Khan Entrance,-1.26178,36.82224,1,11A
0101AKH,Aga Khan Hospital Junction/3rd Parklands Ave,-1.26288,36.8249,1,11A
0101AKN,Kwa Nyama,-1.20449,36.786019,1,107D
0101ALM,Amani Plaza/Almond Court,-1.25962,36.81717,1,11A
0101AME,Ambassadors Entrance,-1.19804,36.75538,2,107 114R
0101ARA,Garage,-1.222204,36.780446,1,108
0101ARC,Car Wash,-1.204839,36.782516,1,107D
0101ARR,Nish Raaj/Mulberry,-1.257581,36.81246,1,11A
0101ARY,Arya Girls' Secondary School,-1.26085,36.82007,1,11A
0101BKH,Bypass Stage Kiambu,-1.215448,36.83521,1,107D
0101BLU,Blue Kiosk Stage,-1.154688,36.675681,1,114R
0101CAV,Church Of Acts/Velvet Lounge,-1.203525,36.785397,2,106 116
0101CEF,Kwa Chief,-1.216448,36.821886,1,107D
0101CHC,Christco Church,-1.19628,36.75294,2,107 114R
0101CHF,Sub Chief,-1.219799,36.778197,1,108
0101CPK,City Park,-1.26057,36.82615,5,106 107 114R 116 11B
0101DGG,Ridgesways Girls,-1.215046,36.864683,1,107D
0101DPB,Delta Petrol Station/Border,-1.20918,36.7882,5,106 107 114R 116 11B
0101ETA,Marrieta,-1.143779,36.661749,1,114R
0101FRK,Furaha/Kag Ndenderu/Catholic,-1.1954,36.75175,2,107 114R
0101GOG,Guango,-1.195673,36.780783,2,106 116
0101GRJ,Gacharage Junction,-1.20041,36.76058,2,107 114R
0101GVS,Green Valley School,-1.125007,36.677194,1,116
0101HMO,Chamoka,-1.218749,36.774099,1,108
0101HUS,SDA Church,-1.220482,36.769727,1,108
0101HWO,Mwisho Road,-1.22267,36.781277,1,108
0101IAI,Gwaiti,-1.180601,36.726319,1,114R
0101IGA,Kahigo,-1.203357,36.77131,1,114R
0101ION,Junction To Limuru Town,-1.133245,36.643564,1,114R
0101IRR,River,-1.221823,36.779866,1,108
0101JAK,Jakai,-1.219745,36.772222,1,108
0101JHS,Jamhuri High School,-1.27335,36.82297,6,106 107 114R 116 11A 11B
0101JLI,Jua Kali,-1.211161,36.874486,1,107D
0101KAT,Kwa Njoki/Ack Thimbigwa,-1.183893,36.763636,2,106 116
0101KCK,Kenchic,-1.132763,36.697946,1,116
0101KHR,Kahawa Railways Roundabout,-1.185664,36.906667,1,107D
0101KKB,Kamukabi,-1.222324,36.780623,1,108
0101KME,Kimera Medical Centre,-1.146608,36.716753,1,116
0101KOB,Kobil/Banana,-1.17466,36.759053,2,106 116
0101KTO,Kwa Moturi/Gachiraini,-1.20202,36.7662,2,107 114R
0101LIK,Likoni,-1.178733,36.760654,2,106 116
0101LMA,Mlanda,-1.219961,36.767389,1,108
0101LMC,Limuru Catering,-1.124567,36.679518,1,116
0101LSC,Life Sanctuary Church/Muchatha Shopping Centre,-1.19145,36.775071,2,106 116
0101MCC,Muchatha Shopping Centre,-1.192055,36.775879,2,106 116
0101MCY,Mothers Mercys,-1.180059,36.725487,1,114R
0101MDS,Muchatha Dispensary/Kwa Shule/Yamongo Drive,-1.189723,36.773257,2,106 116
0101MIC,Mary Immaculate Catholic Church/Muchatha Shopping Centre,-1.190698,36.774211,2,106 116
0101MIM,Mimosa,-1.212005,36.804767,1,107D
0101M.K,K.M.,-1.166178,36.919853,1,107D
0101MKB,Mkulima Supermarket/Banana,-1.175287,36.759291,2,106 116
0101MOM,Mombasa,-1.177906,36.760269,2,106 116
0101MRB,Maramba Tea Factory,-1.134492,36.703458,1,116
0101MTH,Muthaiga Junction,-1.228633,36.798518,1,108
0101MUC,Redeemed/Pefa Muchatha,-1.197213,36.782874,2,106 116
0101NDJ,Ndenderu Junction/Makutano,-1.192266,36.743758,1,107
0101N'G,Kwa Ng'ang'a,-1.217757,36.778144,1,108
0101NGG,Nyari Gate 3,-1.225371,36.785596,1,108
0101NJK,Kwa Njoki Kamili,-1.184899,36.764492,2,106 116
0101NRE,Nish Raaj Estate,-1.25862,36.81484,1,11A
0101NRP,Roundabout Eastern Bypass,-1.155165,36.926129,1,107D
0101NTO,Kwa Kanisa ACK/National Oil,-1.193291,36.777536,2,106 116
0101NYG,Nyari Gate 2,-1.225544,36.791386,1,108
0101NYP,Nyari Police,-1.225594,36.787764,1,108
0101NYR,Nyari/Barrier 1,-1.226487,36.795583,1,108
0101OOO,Githogoro,-1.216517,36.825002,1,107D
0101OTA,National Oil,-1.193821,36.749573,1,107
0101PMR,Pm Flats/ Runda View,-1.20429,36.77439,2,107 114R
0101PMV,Pm Flats/ Runda View 2,-1.20369,36.77218,2,107 114R
0101POW,Power,-1.217477,36.778214,1,108
0101RCC,Ruaka Catholic Church,-1.2062,36.78055,2,107 114R
0101RCK,Ruaka ACK Church,-1.20676,36.78382,2,107 114R
0101RDC,Ruaka DC,-1.2065,36.78171,2,107 114R
0101RED,Red Hill/Posta,-1.17081,36.708554,1,114R
0101REE,Runda Estate Entrance,-1.2186,36.80168,5,106 107 114R 116 11B
0101REN,Redeemed Ndenderu,-1.19238,36.74504,2,107 114R
0101RIE,Limuru Diaries,-1.125841,36.642507,1,114R
0101RIH,Commissioner of Higher Education,-1.227862,36.798065,1,108
0101RJI,Ruiru Road Junction,-1.152135,36.91984,1,107D
0101RKJ,Ruaka Junction,-1.207096,36.785982,2,106 116
0101RMY,Rumenye,-1.19961,36.75794,2,107 114R
0101ROK,Rosslyn Road/Karura Community Chapel,-1.2165,36.799307,5,106 107 114R 116 11B
0101ROR,Rosslyn Road/Riviera,-1.217251,36.800423,5,106 107 114R 116 11B
0101RSH,Roslyn Heights,-1.223669,36.782832,1,108
0101RUA,Marurui,-1.210806,36.875181,1,107D
0101RUD,Runda Road,-1.215523,36.815038,1,107D
0101SDA,SDA Church,-1.223143,36.781961,1,108
0101SHR,Shakers/Rosslyn Gate,-1.21115,36.79024,5,106 107 114R 116 11B
0101SHT,Sacred Heart,-1.186283,36.767421,2,106 116
0101SLT,Slaughter,-1.20523,36.77754,2,107 114R
0101STP,Stima Plaza,-1.27043,36.82048,6,106 107 114R 116 11A 11B
0101TIG,Tigoni,-1.126739,36.671944,1,116
0101VRY,Victory,-1.181719,36.762391,2,106 116
0101WBR,Wambugu Road,-1.26799,36.82127,6,106 107 114R 116 11A 11B
0101WIA,Kwa Kuria,-1.2184,36.774652,1,108
0101WID,Windsor Advice,-1.215566,36.850327,1,107D
0101YSA,Nyari West,-1.224194,36.783745,1,108
0101ZAK,Zakawa,-1.179181,36.760914,2,106 116
0102KHJ,Koja,-1.281428,36.822532,22,106 6 23W 25 44G 44Z 45K 25A 11C 46B 115 118 119 119A
0103MSQ,Kwa Mosque/Highridge Mwisho,-1.25687,36.81077,1,11A
0110AAN,Oilibya/2nd Parklands Avenue,-1.2642,36.824691,1,106
0110ACG,Gachie,-1.181386,36.727555,1,114R
0110AEA,Shell Banana,-1.175848,36.75953,1,106
0110AGK,Aga Khan Academy,-1.266405,36.823195,6,106 107 114R 116 11A 11B
0110AIG,Gacharaini,-1.201715,36.764744,1,107
0110AOA,Mwambao,-1.256713,36.82633,1,114R
0110AOH,Mama Shop,-1.151753,36.931196,1,107D
0110APS,Aga Khan Hospital Stage,-1.26198,36.8227,1,11A
0110APT,Aga Khan Hospital Stage 2,-1.26277,36.82467,1,11A
0110ASP,Stima Plaza,-1.270037,36.820555,2,107 11A
0110AST,Ambassadors Stage,-1.19864,36.75634,2,107 114R
0110AUK,Karura,-1.247249,36.815776,1,114R
0110BAA,Banana Terminus,-1.174235,36.758765,2,106 116
0110BDO,Boda,-1.210381,36.789584,1,11B
0110BLV,6th Parklands Avenue/Regal House/Kobil,-1.257905,36.826896,1,11B
0110BNI,Kobil banana,-1.174564,36.758993,1,106
0110BUK,Kabuku Junction Stage,-1.150767,36.668272,1,114R
0110CEJ,Gacharage Junction,-1.20033,36.76062,1,107
0110COH,Gacharage Junction - Gachiraini Stage,-1.200471,36.760595,1,114R
0110CUT,Karura Community Chapel,-1.215756,36.797816,1,107
0110DAS,Ridgeways Girls,-1.214993,36.864388,1,107D
0110FRM,Muguku Farm,-1.17646,36.718384,1,114R
0110FSA,Karura Forest/Belgian Embassy,-1.248371,36.816591,1,11B
0110GAC,Gacharage,-1.192978,36.748079,1,114R
0110GTH,Gathanga Stage/Kiambea,-1.198999,36.78444,2,106 116
0110HHH,JamhurI High,-1.272161,36.822256,1,106
0110HUN,5th parklands avenue,-1.260939,36.82585,1,106
0110IDR,City park drive,-1.257162,36.826563,1,106
0110ILU,Limuru Terminus,-1.108076,36.643393,1,116
0110IRT,Ngara,-1.27419,36.823659,9,106 107 114R 116 11A 11B 29/30
0110ISR,Ruiru Prisons,-1.151871,36.929525,1,107D
0110KAU,Kianjogu Stage,-1.180979,36.727015,1,114R
0110KGQ,Highridge/Kwa Mosque/Mwisho,-1.256852,36.810736,1,11A
0110KKB,Garage,-1.222414,36.780964,1,108
0110KRS,Karura Stage,-1.19437,36.73198,1,107
0110KSL,Nish Raaj Estate/Kusi Lane,-1.25864,36.81485,1,11A
0110LAR,Rosslyn Riviera,-1.215369,36.796681,1,114R
0110LCM,Decimal,-1.203015,36.769993,1,114R
0110LHL,Full Gospel Church,-1.151018,36.937462,1,107D
0110LIG,Kobil Gigiri,-1.239216,36.811253,1,11B
0110LJA,Joyland,-1.204861,36.77657,1,114R
0110MKT,Makutano,-1.159421,36.74364,1,116
0110MTS,Muthaiga Shopping Centre,-1.250537,36.819842,5,106 107 114R 116 11B
0110MYA,City Park Market,-1.261573,36.825761,1,11B
0110NGP,Ndenderu Redeemed Gospel,-1.19222,36.74442,1,107
0110NKT,Nakumatt Stage,-1.26018,36.81855,1,11A
0110NSG,Ndenderu Stage,-1.1926,36.74685,2,107 114R
0110OLB,Blue Kiosk,-1.154766,36.672943,1,114R
0110OVL,3rd Parklands Avenue/Aga Kan Hospital Junction,-1.263241,36.825064,1,114R
0110PBS,Bypass,-1.204484,36.785515,1,106
0110PMA,Stima Plaza,-1.269994,36.820604,1,106
0110PMT,Pm Flats,-1.20375,36.77257,2,107 114R
0110/PU,UNEP/KTTC,-1.238447,36.810417,1,108
0110R/B,Belgian Embassy/Karura,-1.246905,36.815684,2,106 107
0110REU,Rwenu,-1.194506,36.735578,1,107
0110REV,Two Rivers,-1.212895,36.792424,2,107 114R
0110RID,Windsor Advice,-1.215743,36.849936,1,107D
0110RIS,Two Rivers,-1.211571,36.790791,1,116
0110RNO,Rossyln,-1.233918,36.802096,1,108
0110ROA,Wambugu Road,-1.268079,36.821239,1,11B
0110ROS,Rosslyn Total,-1.210406,36.789731,1,106
0110RRS,Two Rivers,-1.214472,36.79486,2,106 11B
0110RTC,Ruaka Quickmart,-1.20669,36.782358,1,107D
0110RTU,Kobil/Regal house/6th Parklands ave,-1.25802,36.827046,1,106
0110SAI,Stima Plaza,-1.272612,36.821001,1,106
0110SIH,Gasolina/Gichagi Mwisho,-1.219559,36.766718,1,108
0110SOI,Mimosa,-1.212092,36.804714,1,107D
0110SPU,St. Paul's University Limuru,-1.147694,36.665794,1,114R
0110SRT,Marurui Police Post,-1.21464,36.867856,1,107D
0110SSA,Canadian embassy,-1.241283,36.81334,1,106
0110TAA,Stima Plaza,-1.269752,36.820579,1,11B
0110TOH,Githogoro,-1.216534,36.825391,1,107D
0110TPA,3rd Parklands Avenue/Aga Kan Hospital Junction,-1.263229,36.825078,5,106 107 116 11A 11B
0110TUQ,Equity,-1.205161,36.777734,1,114R
0110TVM,Traveller's View Muchatha,-1.188491,36.771639,2,106 116
0110UMI,Mulima,-1.2204,36.76976,1,108
0110UMK,Mkulima supermarket,-1.175079,36.759251,1,106
0110UNA,UNEP/KTTC,-1.238033,36.80995,5,106 107 114R 116 11B
0110VKS,2nd Parklands Avenue,-1.264835,36.824412,1,11A
0110VMT,Village Market,-1.23006,36.80399,5,106 107 114R 116 11B
0110WAM,Kwa Jeki,-1.194574,36.779445,2,106 116
0110WOJ,Maziwa Junction,-1.193992,36.904538,1,107D
0110WRS,Two Rivers,-1.208242,36.797284,1,107D
0110YIL,OiLibya/2nd Parklands Avenue,-1.264248,36.824681,2,107 11B
0110YSP,City Park/5th Parklands Avenue,-1.261085,36.826027,1,107
01114IA,44 Githurai,-1.195441,36.902797,1,107D
0111A26,Lane 26,-1.202558,36.768097,1,114R
0111AAR,Ruaka,-1.207579,36.786271,1,106
0111ACP,Agha khan hospital junction/ 3rd parklands ave,-1.261895,36.825378,1,106
0111AES,Rosslyn Valley,-1.223201,36.802579,1,106
0111AIT,Muthaiga Mini Market,-1.250233,36.820788,1,107
0111AKA,Kwa Nyaga,-1.168399,36.696517,1,114R
0111AKS,Aga Khan Hospital Stage,-1.26237,36.82369,1,11A
0111ALA,Sahala,-1.206835,36.792778,1,107D
0111AMB,Ambassadors Stage,-1.19859,36.75619,2,107 114R
0111AMK,Kwa Mbao,-1.170485,36.705164,1,114R
0111ARD,Kwa Daktari,-1.18467,36.732568,1,114R
0111ATA,Total City Park,-1.259304,36.826738,1,106
0111AWM,Maziwa,-1.193209,36.905093,1,107D
0111AXM,Maxx,-1.181895,36.728435,1,114R
0111AYS,Gitambaya Police Post,-1.149768,36.948966,1,107D
0111BAA,Banana Terminus,-1.174015,36.75884,1,116
0111BAG,ACK Thibigwa,-1.181043,36.762086,1,106
0111BEK,Belgian Embassy/Karura,-1.24701,36.8156,5,106 107 114R 116 11B
0111BPY,Bypass,-1.205771,36.779341,2,107 114R
0111BUK,Kabuku Stage,-1.154742,36.674973,1,114R
0111CEP,PCEA,-1.189026,36.737536,1,114R
0111CNT,Container,-1.197222,36.899552,1,107D
0111CRA,Car Wash,-1.217108,36.777061,1,108
0111EDH,The Dam,-1.170045,36.701237,1,114R
0111EED,Ndenderu,-1.192217,36.743563,1,114R
0111ENP,Dispenser,-1.190346,36.739048,1,114R
0111EYE,Membley,-1.156393,36.925105,1,107D
0111FRM,Muguku Farm/GD,-1.176554,36.718575,1,114R
0111GIE,Sovereign,-1.169589,36.700159,1,114R
0111GIM,Muthaiga Mini Market,-1.250151,36.820748,1,106
0111HDE,Shade,-1.193896,36.749592,1,114R
0111HRT,Mothero,-1.166445,36.693617,1,114R
0111IAC,Pa Machiri,-1.172894,36.712057,1,114R
0111ICT,Quickmart,-1.206678,36.78331,2,114R 107D
0111IGA,Gacharaini,-1.201394,36.763483,1,107
0111IGK,Kobil Gigiri,-1.23923,36.811441,1,11B
0111IME,Milele,-1.201036,36.76266,1,114R
0111ISE,Site,-1.178182,36.722542,1,114R
0111JEK,Kwa Njoki,-1.194099,36.778615,2,106 116
0111JM,JM,-1.188322,36.906381,1,107D
0111KAN,Aga Khan,-1.262254,36.82537,1,116
0111KAU,Kianjogu Stage,-1.181209,36.727208,1,114R
0111KEA,Kiambea,-1.198614,36.784122,2,106 116
0111KIV,Kibutu Stage/Bread of Life,-1.188314,36.771234,2,106 116
0111KNA,Kona,-1.220945,36.778584,1,108
0111KNE,Aga Khan Entrance,-1.261342,36.825842,1,11B
0111KOG,Kobil Gigiri,-1.239407,36.811688,1,106
0111KRU,Karura/Runda,-1.22082,36.80136,5,106 107 114R 116 11B
0111LIS,Emsoil,-1.195988,36.752585,1,114R
0111LON,Joyland,-1.204929,36.77661,2,107 114R
0111LSO,Chantilly School,-1.180808,36.761912,1,116
0111MAO,Mwambao,-1.256382,36.826091,1,114R
0111MCM,Mirai Court/Mifereji,-1.20322,36.77046,2,107 114R
0111MIF,Mfereji,-1.203889,36.773032,1,114R
0111MKT,Makutano,-1.159354,36.743484,1,116
0111MME,Muthaiga Mini Market,-1.250145,36.820786,1,11B
0111MRE,Muthaiga Mini Market,-1.250199,36.82073,1,114R
0111NDS,Ndenderu Stage/Shell,-1.19303,36.74802,2,107 114R
0111NKM,Nakumatt/Post Office,-1.26012,36.81825,1,11A
0111NMO,Ngomongo,-1.200253,36.894713,1,107D
0111NOI,Kia Njogu,-1.183816,36.731283,1,114R
0111NTA,Muthaiga Mini Market,-1.250145,36.820791,1,116
0111.OJ,O.J.,-1.153207,36.920352,1,107D
0111OJC,Jowac,-1.193359,36.74875,1,114R
0111OLB,OiLibya/2nd Parklands Avenue,-1.26469,36.82432,6,106 107 114R 116 11A 11B
0111OLS,Total Rosslyn,-1.210559,36.789528,1,106
0111RAU,Quarry,-1.207044,36.882139,1,107D
0111RHK,6th Parklands Avenue/Regal House/Kobil,-1.25777,36.82691,5,106 107 114R 116 11B
0111RHR,Redhill Road/Polish Embassy,-1.23453,36.803464,5,106 107 114R 116 11B
0111RNE,Rwenu,-1.193967,36.74329,1,107
0111RNI,Container,-1.204575,36.775392,1,114R
0111ROT,Two Rivers,-1.214563,36.794822,1,114R
0111RPS,Ruiru Prisons,-1.151827,36.929292,1,107D
0111RRY,Fairy Flowers,-1.16489,36.691469,1,114R
0111RST,Ruaka Stage/Tuskys,-1.207146,36.785877,2,107 114R
0111SAR,Carwash,-1.200971,36.785177,1,106
0111SNH,Shell Banana,-1.175822,36.759492,1,106
0111SPS,Stima Plaza Stage,-1.2696,36.8204,5,106 107 114R 116 11A
0111SPU,St. Paul's University Limuru,-1.148257,36.666204,1,114R
0111TNN,Aga Khan Entrance,-1.261438,36.825732,1,114R
0111TOE,Two Rivers,-1.214559,36.794994,1,106
0111TRI,Little Servant,-1.186605,36.768223,1,106
0111TRV,Two Rivers,-1.21452,36.794608,1,11B
0111TUN,UNEP/Gigiri/KTTC,-1.238682,36.810545,6,106 107 108 114R 116 11B
0111TVI,Kwa Viti,-1.186836,36.735044,1,114R
0111.UK,K.U.,-1.174814,36.914304,1,107D
0111UKG,Kwa Njogu,-1.192592,36.746556,1,114R
0111USA,Kwa Sukuma,-1.178995,36.723889,1,114R
0111VMA,Village Market,-1.22876,36.80443,5,106 107 114R 116 11B
0111VWS,Two Rivers,-1.208491,36.798073,1,107D
0111WNA,Kwa Kiwanja,-1.170839,36.917032,1,107D
0111WRB,Kwa Bendera,-1.169084,36.698467,1,114R
0111YSB,Bypass,-1.204769,36.785477,1,106
0112LKT,Koja,-1.28127,36.822572,2,116
0112POL,Junction/Poland Embassy,-1.234835,36.803782,2,108
0113BAA,Banana Terminus,-1.17383,36.758605,1,106
0113GCH,Gasolina/Gichagi Mwisho,-1.219641,36.766688,1,108
0113KAR,Karura Mwisho,-1.19435,36.73204,1,107
0113LMD,Limuru Terminus,-1.108043,36.643534,3,114R 116
0113RST,Ruaka Stage,-1.20717,36.78571,1,11B
02002IE,Riverside 2,-1.249605,36.877965,1,25
0200AAK,Kwa Wachina,-1.222994,36.907097,1,17B
0200ACM,Mwisho wa Chuma,-1.163517,36.953181,1,145D
0200AKN,Guru Nanak,-1.270182,36.832695,1,6
0200AKO,Mpaka road,-1.264947,36.804665,1,23W
0200APZ,Stima Plaza,-1.269632,36.820722,1,29/30
0200AVS,Naivas,-1.247292,36.872478,1,0027
0200BBC,Baba Dogo Catho,-1.244169,36.885073,1,25A
0200BDJ,Baba Dogo Junction/Dawa,-1.247259,36.874387,5,25 42 0027 25A 2030
0200BER,Redeemed Ndumberi,-1.152985,36.808673,2,120 121
0200BLN,Balkan Sec School,-1.21242,36.83392,4,100 120 121 100A
0200BUL,Bull and Bush,-1.217508,36.897464,2,49 17B
0200BWD,Kasarini/Paradise Lost,-1.205964,36.832137,4,100 120 121 100A
0200CRN,Stima,-1.224013,36.908204,3,49 17B 17B_2
0200DAU,Mwandus,-1.161258,36.821215,1,120
0200DBR,Nduberi Factory,-1.140917,36.805701,1,120
0200DEC,Deliverance Church,-1.241361,36.894047,1,25A
0200DMD,Diamond Flats,-1.20399,36.83301,3,100 121 100A
0200DRU,Muslim Road,-1.275541,36.831273,1,6
0200EAC,Cinema,-1.252899,36.897224,1,42
0200EBR,Roundabout,-1.155163,36.926664,1,145D
0200EEE,Redeemed Ngemwa,-1.117368,36.816173,1,120
0200EIE,Ridgeviews,-1.223405,36.837671,1,100
0200EII,Regional Centre/ICIPE,-1.220015,36.894015,1,17B_2
0200ELH,Shell,-1.26756,36.830871,1,29/30
0200EMF,KEMREF,-1.241982,36.893257,1,25A
0200EUT,Equity,-1.258005,36.878775,1,2030
0200FHA,Faith Home Academy,-1.25305,36.878651,1,42
0200FRS,St. Francis,-1.226196,36.916057,3,49 17B 17B_2
0200GEG,Garage/Riverside,-1.249093,36.878052,1,0027
0200GIT,Githurai,-1.204473,36.916804,3,44G 44Z 45K
0200GNA,Ngemwa,-1.122261,36.817718,1,120
0200GNK,Guru Nanak,-1.269522,36.832105,10,44G 44Z 45K 49 145 237 25A 46H 11C 46B
0200GPS,Ngemwa Police Post,-1.121695,36.818793,1,120
0200GRG,Garage,-1.231264,36.924453,2,17B 17B_2
0200GTO,Githogoro/Kigwa,-1.21866,36.83586,4,100 120 121 100A
0200HHR,Shirika House,-1.273123,36.816209,1,23W
0200HML,Garden City/Homeland Inn,-1.230479,36.879054,6,44G 44Z 45K 45G 49 17B
0200HTN,Hill stone,-1.252511,36.880036,1,0027
0200HUN,Hunters,-1.227583,36.917981,3,49 17B 17B_2
0200IMI,Kamutiini,-1.230517,36.922989,2,17B 17B_2
0200IRR,Riverside,-1.248269,36.876651,1,42
0200JIN,Ikinu,-1.100941,36.797296,1,120
0200KAI,Kwa Kairu,-1.143339,36.966445,1,237
0200KAW,Kwa Maua,-1.121936,37.007157,1,237
0200KBM,Kariobangi Market Stage,-1.255259,36.878742,1,2030
0200KCI,Kariobangi Junction,-1.25257,36.878952,1,0027
0200KEI,KIE/Pioneer,-1.272531,36.827245,1,25A
0200KEN,Kenafric,-1.24668,36.88436,1,25A
0200KEP,Kenya Power,-1.242946,36.890851,1,25A
0200KJN,Kirigiti/Ruui,-1.17895,36.83748,4,100 120 121
0200KS2,KIST,-1.1835,36.83854,4,100 120 121 100A
0200KTJ,Junction,-1.152403,36.919994,1,145D
0200KUF,KU Fly Over,-1.180681,36.939082,2,145 237
0200KWH,Bypass/Kwaheri Flyover,-1.215137,36.835012,3,100 120 121
0200LOK,Kobil/K1,-1.267608,36.812046,1,23W
0200LPO,Allsops,-1.245715,36.868037,1,0027
0200MAT,Maternity,-1.223112,36.911889,3,49 17B 17B_2
0200MBA,Mamba,-1.269103,36.841833,1,6
0200MBC,Membley Church,-1.159048,36.939119,1,145D
0200MGN,2nd Mugumoini Street,-1.218457,36.874002,1,53
0200MNO,Makutano,-1.064306,36.783481,1,120
0200MOS,Mosque Side Ya Juu,-1.24068,36.89471,1,25A
0200MRR,Marurui,-1.211112,36.874403,2,53
0200MSH,Mushroom,-1.19579,36.83836,5,100 120 121 100A
0200MTE,Muthaiga Golf Club Entrance,-1.25774,36.84292,2,100 121
0200NEH,Neighbours,-1.227277,36.870709,1,53
0200NES,Corner,-1.217567,36.898027,3,49 17B 17B_2
0200NFR,Ngorofani,-1.225358,36.91485,1,17B
0200NGN,Flyover Pangani,-1.266488,36.834632,1,0027
0200NHL,Towngate Chapel,-1.154705,36.812568,1,120
0200NYT,Nyati Drive,-1.221369,36.872925,1,53
0200OIC,Ruaraka Police Post/Baba Dogo Catho,-1.244187,36.883794,1,25
0200OTO,JCL Motors,-1.235448,36.843684,3,100 120 100A
0200RAW,Kware/Kahawa Sukari,-1.189077,36.931164,1,237
0200RDS,Ridgeway Springs,-1.228951,36.840543,4,100 120 121 100A
0200RER,Riverside,-1.243933,36.880975,1,25
0200RGC,Regional/ICIPE,-1.220023,36.894127,2,49 17B
0200RIE,Riverside,-1.246435,36.880119,1,25A
0200RIL,Kona Kwa Rail,-1.208219,36.922329,1,45P
0200RKN,Kona,-1.225876,36.874215,1,53
0200RND,Runda Junction,-1.22171,36.83606,4,100 120 121 100A
0200ROC,Rock City,-1.23795,36.84398,4,100 120 121 100A
0200RST,Roasters,-1.23336,36.872789,1,53
0200RTI,Itara,-1.185209,36.838832,3,100 120 121
0200RUK,Ruaraka Academy,-1.214869,36.876151,1,53
0200SAK,Samaki,-1.243773,36.878512,1,25
0200SAN,SDA Ikinu,-1.102949,36.799693,1,120
0200SHK,Shark's Palace,-1.24067,36.84427,4,100 120 121 100A
0200SHL,Shell,-1.235088,36.873169,1,43
0200SHP,Shell/Kariobangi Catholic Church,-1.256701,36.878695,2,42 2030
0200SKU,Tuskys,-1.040264,37.07186,1,237
0200SPH,Super Highway,-1.164449,36.956731,1,145D
0200SRA,Naivas Supermarket,-1.247506,36.872649,1,25
0200STD,Stadium,-1.221634,36.890046,6,44Z 45K 45G 49 17B 237
0200STM,Steam Drive,-1.222789,36.872219,1,53
0200STR,Kwa Ng'ethe/Five Star,-1.18981,36.83959,3,120 121 100A
0200TDS,Seasons,-1.218752,36.902593,2,49 17B
0200TFC,Perfection,-1.240325,36.895703,1,25A
0200TKL,Total Kiambu,-1.17512,36.829077,2,100 120
0200TND,Thindigwa,-1.19987,36.83525,4,100 120 121 100A
0200TSB,Booster,-1.159456,36.820056,1,120
0200TSO,Posta,-1.276705,36.827087,1,6
0200TSS,TSS Petrol Station/Blue Hut Hotel,-1.277,36.83091,1,100
0200UET,Equity,-1.218058,36.899973,1,17B
0200URA,Githurai,-1.203686,36.917332,1,237
0200URD,Red Ruby,-1.270241,36.81308,1,23W
0200WAN,Dawa Pharmaceuticals,-1.246853,36.87506,1,25
0200WJY,Wanderjoy,-1.23132,36.84252,4,100 120 121 100A
0200WKU,Kwa Mafuta,-1.228705,36.919721,1,17B_2
02016EA,36Stage,-1.261316,36.886586,1,42
0201AGH,Aga Khan Hospital,-1.268924,36.809952,1,23W
0201AIK,Kariobangi Mwisho,-1.253018,36.884803,1,0027
0201AIP,Aipcea,-1.11975,36.819057,1,120
0201AIS,AIC Lucky Summer,-1.240432,36.895398,1,25A
0201ALP,Allsops,-1.245253,36.867864,1,25A
0201ALS,Allsops,-1.244513,36.866866,3,44Z 45G 237
0201AMC,Cinema,-1.250705,36.904868,1,42
0201ARI,Kwa Bridge,-1.121764,37.006363,1,237
0201ARS,Car Wash,-1.232336,36.873084,1,53
0201ASP,Allsops,-1.245173,36.867896,1,29/30
0201ATB,Kariobangi catholic church/ Kanisani,-1.257167,36.879065,1,0027
0201BHC,Beta  Health Care,-1.062917,36.782967,2,120
0201BPC,The Baptist Chapel,-1.241702,36.893618,1,25A
0201BRA,Barua,-1.19333,36.83991,4,100 120 121 100A
0201CAL,Caltexdn/Equity,-1.268018,36.833628,1,6
0201CIA,AIC Church,-1.256826,36.897342,1,42
0201CIT,Police Post,-1.244155,36.884295,1,25
0201CJU,Ruiru Road Junction,-1.148969,36.956895,1,145D
0201CNA,Cabanas,-1.329995,36.890346,1,0039
0201CON,Corner,-1.247131,36.874307,2,25 25A
0201DAW,Naivas/Dawa Pharmacutical,-1.247043,36.873225,2,42 2030
0201DBR,Ndumberi Factory,-1.140974,36.805712,1,120
0201DIA,KIE/Desai,-1.271712,36.827958,1,145
0201DNK,Danamac's Flats,-1.21821,36.900913,3,49 17B 17B_2
0201DNO,Rounda,-1.26219,36.878749,1,0027
0201DUA,Ruiru Road Junction,-1.14908,36.957026,1,145
0201DWE,Weigh Bridge,-1.129484,36.987389,1,237
0201ECH,Dawa Pharmaceutical,-1.247131,36.873014,1,25A
0201ENL,Hill stone,-1.252512,36.880055,1,0027
0201EQT,Equity,-1.217932,36.899858,1,49
0201EVR,Evergreen,-1.2106,36.83313,3,120 121 100A
0201FM,FM,-1.26927,36.840685,1,6
0201GIT,Githurai,-1.203684,36.916758,1,44K
0201GRD,Equity,-1.217937,36.899857,2,17B 17B_2
0201GRG,Garage,-1.231222,36.924549,2,17B 17B_2
0201GTC,Gathecha/KSC International Junction,-1.240786,36.887714,1,25A
0201GTJ,Gathanji,-1.089753,36.782261,2,120
0201GTO,Githogoro,-1.2186,36.83579,4,100 120 121 100A
0201HML,Roasters/Naivas,-1.233044,36.873872,8,44G 44Z 45K 45G 49 145 17B 237
0201HSM,House Of Faith Ministry,-1.240245,36.895997,1,25A
0201IAH,Muthaiga,-1.260556,36.843274,1,0027
0201IES,Desai,-1.271948,36.82773,1,237
0201IIR,Riverside,-1.249303,36.877654,1,0027
0201IKN,Ikinu,-1.099779,36.795763,1,120
0201I/T,Kariobangi Market Stage/Soko,-1.255206,36.879027,1,42
0201JAM,Jamaica,-1.074944,36.780596,2,120
0201JNT,Gatitu,-1.043277,37.0708,1,237
0201KAI,Kwa Kairu,-1.142084,36.966911,1,237
0201KAM,Kanyama,-1.252581,36.882198,1,0027
0201KBM,Kariobangi Market Stage/Soko,-1.255236,36.879081,1,2030
0201KBO,Kimbo,-1.132586,36.974481,1,237
0201KCB,KCB Kiambu,-1.172812,36.829884,2,100 100A
0201KCL,K1 Club,-1.26862,36.812235,1,23W
0201KEE,KEMREF,-1.241981,36.893302,1,25A
0201KEP,Kenya Power,-1.242862,36.89084,1,25A
0201KFS,Kenya Forestry Service Station/CID,-1.250478,36.846557,2,120 121
0201KGM,Kiangima,-1.075928,36.786734,2,120
0201KIH,Kihunguro,-1.160286,36.958389,2,145D 237
0201KJN,Kirigiti Junction,-1.17902,36.83742,2,100 121
0201KMT,Kamutiini,-1.229538,36.920874,1,17B_2
0201KRK,Kariokor,-1.279431,36.833293,13,43 45G 0027 120 121 17B 3N 7 14 32D 46H 46B 16/62
0201KS2,KIST,-1.18345,36.83848,3,120 121 100A
0201KSR,Kasarini/Paradise Lost,-1.20585,36.83201,3,100 121 100A
0201KSS,Brentwood Hotel,-1.20461,36.83264,4,100 120 121 100A
0201KSU,Kamindi Supermarket,-1.171696,36.828082,1,100
0201KWH,Bypass/Kwaheri Flyover,-1.21506,36.83495,3,100 120 121
0201MET,Bull & Bush,-1.217444,36.89776,3,49 17B 17B_2
0201MGN,2nd Mugumoini Street,-1.218296,36.873967,1,53
0201MJM,Maji Mazuri,-1.231987,36.926293,2,17B 17B_2
0201MLM,Kwa Mlima,-1.233215,36.929024,2,17B 17B_2
0201MML,Mwalimu,-1.269844,36.830989,1,6
0201MNO,Makutano,-1.064754,36.783189,1,120
0201MOS,Mosque,-1.24057,36.894865,1,25A
0201MRT,Maternity,-1.223037,36.91183,3,49 17B 17B_2
0201MSH,Mushroom,-1.19582,36.83822,3,100 121 100A
0201MSQ,Mosque,-1.252661,36.865157,1,29/30
0201MTR,TRM,-1.219794,36.890888,2,45G 237
0201NAS,Naivas,-1.218873,36.895474,1,17B
0201NBN,Baba Dogo Junction/Dawa,-1.247576,36.874457,1,0027
0201NEH,Neighbours,-1.227009,36.871056,1,53
0201NIO,Sokoni,-1.25513,36.87869,1,0027
0201NTR,Naivas Ciata Mall/Ridgeways Mall,-1.22525,36.83883,2,100 120
0201NVS,Naivas,-1.24756,36.872671,1,0027
0201NYT,Nyati Drive,-1.220956,36.873096,1,53
0201OER,Pioneer,-1.272506,36.827733,1,0027
0201PME,Marie Stopes,-1.269189,36.848394,1,6
0201PNG,Pangani/Muthaiga Footbridge,-1.264039,36.837834,8,0027 44G 44Z 45K 45G 120 121 29/30
0201POS,Police Post,-1.121249,36.819359,1,120
0201PPS,Police Post,-1.219857,36.894257,1,17B
0201RAK,Mpaka Road,-1.265068,36.804627,1,23W
0201RDS,Ridgeway Springs/Total,-1.229122,36.840559,4,100 120 121 100A
0201RET,St Margret,-1.207715,36.924788,1,45P
0201REV,Drive In,-1.250063,36.862273,1,0027
0201RGC,Regional Centre/ICIPE,-1.219976,36.894075,3,49 17B 17B_2
0201RIL,Kona Kwa Rail,-1.208181,36.922337,1,45P
0201RKN,Kona,-1.225183,36.873912,1,53
0201RND,Runda Junction,-1.22181,36.8361,4,100 120 121 100A
0201RNK,Kiamako Sunflower Primary School,-1.252865,36.878592,1,0027
0201ROC,Rock City,-1.2382,36.84398,4,100 120 121 100A
0201RRP,Safari Park,-1.22519,36.885234,1,49
0201RSB,Roysambu,-1.218377,36.892428,2,145 237
0201RST,Roasters,-1.233597,36.872552,1,53
0201RUK,Ruaraka Academy,-1.214531,36.876177,1,53
0201RYB,Red Ruby,-1.27029,36.81299,1,23W
0201RZA,Riziki Academy,-1.28067,36.838466,1,7
0201SDP,Pangani Police Post,-1.27023,36.83564,1,100
0201SHL,Shell,-1.234889,36.873862,1,43
0201SHP,Shell Petrol Station/Catholic Church,-1.256545,36.87906,2,42 2030
0201SPH,Super Highway,-1.16446,36.956758,2,145D 0039
0201SSN,Seasons,-1.218747,36.90285,1,17B
0201STM,Steam Drive,-1.22293,36.872273,1,53
0201SUN,Sunton,-1.228819,36.919796,2,17B 17B_2
0201TEH,Homeland/Garden City,-1.23085,36.877603,4,44G 45G 49 17B
0201TIN,Kamutiini,-1.230447,36.922892,1,17B
0201TIU,Equity,-1.278343,36.830567,2,0027 120
0201TJA,Timba Junior Academy,-1.241243,36.894187,1,25A
0201TKS,Tuskys,-1.041316,37.071367,1,237
0201UCP,Dawa Pharmaceutical,-1.247148,36.873014,1,25
0201UGC,Muthaiga Golf Club,-1.257732,36.842979,1,100
0201UOA,Munyu Road,-1.284302,36.8278,1,145
0201URI,Kariobangi Junction,-1.252576,36.879038,1,0027
0201VRS,Riverside,-1.243919,36.880771,1,25
0201WAA,Kawaa,-1.244588,36.875594,1,25
0201WJY,Wanderjoy,-1.23113,36.84225,4,100 120 121 100A
0201WOA,Kwa DO,-1.219327,36.903706,3,49 17B 17B_2
0201YTU,Equity,-1.258246,36.878786,1,0027
0201YUE,Survey,-1.248853,36.863363,1,0027
0202LUT,Luthuli Avenue,-1.284831,36.826986,1,7
0202RSB,Roysambu Terminus,-1.217422,36.894407,1,44K
0203SND,Sunton,-1.229503,36.920811,2,49
02107SA,Barraks/75,-1.311714,36.92533,1,0039
0210ABI,Tiba,-1.240082,36.896403,1,25A
0210ACO,Karura Close,-1.256085,36.843405,2,100 120
0210AEC,Faith Home Academy,-1.253225,36.878572,1,2030
0210AFY,Fancy,-1.277269,36.969748,1,0039
0210AIC,China,-1.293882,36.943191,1,0039
0210AIE,Kwa Bridge,-1.249443,36.877874,1,2030
0210AIK,Kasarini,-1.201481,36.834479,1,100
0210AIT,Tumaini,-1.2802,36.965159,1,0039
0210AKC,KCA,-1.253054,36.859281,1,25
0210AKE,Keza,-1.285972,36.954955,1,0039
0210ALS,Allsops,-1.245897,36.866598,8,43 44G 44Z 45K 45G 49 17B 237
0210AMC,Quickmart,-1.169282,36.969692,1,0039
0210AMJ,Juja Mall,-1.118052,37.010472,1,237
0210ANI,Naivas,-1.247502,36.872488,1,42
0210ANR,Thingira,-1.114793,36.812053,1,120
0210ANT,Aviation,-1.319937,36.906601,1,0039
0210APB,Bypass,-1.165457,36.957214,1,145
0210ARA,Barracks/75 Rounda,-1.313517,36.922879,1,0039
0210ARG,Garage,-1.249185,36.878065,2,25 25A
0210ARH,Car Wash,-1.211115,36.90758,1,145
0210ARI,Raia,-1.108013,36.806388,1,120
0210ARM,Taj Mall Roundabout,-1.324716,36.898946,1,0039
0210AS3,36Stage,-1.261734,36.884837,1,42
0210ASR,Safari Park,-1.225953,36.885038,4,44G 44Z 45K 145
0210ASV,Naivas,-1.247506,36.872504,1,2030
0210AUI,Utalii,-1.256095,36.856057,1,145
0210AWR,Kware,-1.189996,36.930191,1,145
0210AYA,Onyata,-1.267104,36.980385,1,0039
0210BBD,Baba Dogo Terminal,-1.244305,36.887506,1,25A
0210CAH,Pangani Girls' School,-1.270064,36.838027,1,6
0210CAK,KCA,-1.253113,36.859372,1,43
0210CID,KFS/CID,-1.25032,36.84657,4,100 120 121 100A
0210CIJ,Northern Junction,-1.247555,36.870986,1,2030
0210CKA,KCA,-1.25308,36.859319,1,145
0210CLM,Clay,-1.171357,36.948865,2,145 237
0210CLY,Clay Works,-1.172108,36.947546,2,145 237
0210CRH,Car Wash,-1.211125,36.907802,1,237
0210CRI,AIPCK Githunguri,-1.058234,36.782087,1,120
0210DBR,Ndumberi,-1.15149,36.805479,1,120
0210DGU,Ndarugu,-1.081381,37.042825,1,237
0210DIE,Weigh Bridge,-1.129533,36.98972,1,237
0210DLO,Homeland Inn,-1.230952,36.878309,1,145
0210DOE,Kenyatta Road,-1.125419,37.003002,1,237
0210DRV,Drive In,-1.24904,36.863208,9,43 44G 44Z 45K 45G 49 17B 237 25A
0210EC/,Utawala Junction/ Benedicta,-1.278745,36.967999,1,0039
0210EIW,Kwa Chief,-1.282865,36.959974,1,0039
0210EKE,Kemsa Depot,-1.316539,36.920237,1,0039
0210EKT,Kanyama,-1.252495,36.881661,1,0027
0210ENE,Odeon,-1.282972,36.824324,2,25
0210EOS,Seasons,-1.218774,36.902658,1,17B_2
0210EOV,Jehova Witness Ting'ang'a,-1.127784,36.81349,1,120
0210ERI,Reli,-1.206657,36.920425,1,45P
0210ERV,Evergreen,-1.211371,36.833382,2,121 100A
0210EXL,Lex,-1.247512,36.870997,2,25 25A
0210FAR,Safari Park,-1.225802,36.885384,2,45G 237
0210FBO,Balkan Sec. School/Fourways,-1.212371,36.833832,1,120
0210FIG,Fig Tree,-1.275653,36.823313,6,6 25 237 46H 11C 46B
0210FLY,Fly Over,-1.150335,36.962106,2,145 237
0210FNO,Ngorofani,-1.225276,36.914942,1,17B_2
0210GAO,Mlango Kubwa,-1.267478,36.843585,1,6
0210GEN,Engen,-1.180843,36.98763,1,0039
0210GIT,Githurai,-1.204336,36.916825,2,44K 237
0210GNN,Pangani,-1.266171,36.835125,1,43
0210GPN,Shell/Pangani Footbridge,-1.264029,36.837925,2,100 100A
0210GRG,Garage Stage,-1.279238,36.849785,1,41
0210HAS,Car Wash,-1.211269,36.907496,3,44G 44Z 45K
0210HAU,Kahawa Sukari,-1.188562,36.93169,1,44G
0210HAW,Car Wash,-1.211353,36.907582,2,44K 45G
0210HER,Ha Andrew,-1.131444,36.8051,1,120
0210HFI,Kwa Ng'ethe/Fivestar,-1.189878,36.839623,2,100 120
0210HHE,PCEA Bishop Gathu,-1.092551,36.78581,1,120
0210HIP,Highpoint,-1.095312,37.028952,1,237
0210HLE,Shell,-1.281759,36.962034,1,0039
0210HUN,Hunters Stage,-1.227159,36.917404,1,49
0210HUT,Githurai,-1.203691,36.917343,1,145
0210HWA,Kahawa,-1.196458,36.924019,1,145
0210HWD,Kahawa Wendani,-1.195382,36.925046,1,145
0210HWK,Wendani Bus Stop,-1.195385,36.925156,1,237
0210IEL,Homeland Inn,-1.231017,36.878311,1,237
0210IES,Desai,-1.272424,36.827605,2,44Z 45K
0210IHW,Kwa Ahindi,-1.173001,36.826668,1,100
0210IIA,Utalii,-1.256466,36.855623,1,25
0210IJI,Jikoni's,-1.230233,36.841214,3,100 120 100A
0210IKS,Aga Khan hospital,-1.269071,36.810201,1,23W
0210ILA,Utalii,-1.256112,36.855429,1,0027
0210IMT,Mitikenda,-1.184324,36.993064,1,0039
0210INA,Pangani Police Post,-1.270316,36.83556,1,6
0210IRI,Maji Mazuri,-1.231949,36.926132,1,17B
0210ISD,Desai,-1.271785,36.828409,1,145
0210ITI,Utalii,-1.256406,36.855639,1,25A
0210IVN,Drive In,-1.248484,36.863602,1,25
0210IYU,Super Highway,-1.165176,36.958308,1,0039
0210JKT,JKUAT,-1.106981,37.015873,1,237
0210JTS,St. Joseph,-1.241112,36.989765,1,0039
0210KAD,Kwa Ahindi,-1.173949,36.828049,2,120
0210KAF,Family Bank,-1.280661,36.964247,1,0039
0210KAH,Kahawa Wendani,-1.196566,36.924105,1,45K
0210KBM,Kariobangi Market Stage,-1.255533,36.878748,1,42
0210KBO,Kimbo,-1.13317,36.974441,1,237
0210KCA,KCA/Survey,-1.253375,36.859018,9,44G 44Z 45K 45G 49 17B 237 25A 29/30
0210KDO,Kwa DO/Kiambu-Limuru Junction,-1.17498,36.83448,4,100 120 121 100A
0210KEB,Kobe,-1.226735,36.990366,1,0039
0210KJA,Guru Nanak,-1.269974,36.832837,1,100A
0210KLI,Old Kiambu,-1.172276,36.826515,2,100 120
0210KPO,Kiambu Mall/Posta,-1.16498,36.823854,3,120 121
0210KRB,Karambe,-1.266979,36.845672,1,6
0210KU.,KU,-1.182017,36.937859,5,44G 44Z 44K 45K 237
0210KWD,Kwa Dogi,-1.15693,36.932686,1,145D
0210KYR,Kwa Roy,-1.174607,36.977808,1,0039
0210KYS,Tuskys,-1.317771,36.918464,1,0039
0210LGC,Grafins College,-1.266406,36.80548,1,23W
0210LH',Overcomer's Chapel,-1.158426,36.81864,2,120 121
0210LOA,Allsops,-1.245652,36.866681,1,145
0210LSL,Allsops,-1.245678,36.867175,1,25A
0210LUI,Muslim Road,-1.275687,36.831335,1,100A
0210MBL,Membley,-1.156222,36.930358,1,145D
0210MET,Metro,-1.217658,36.898562,1,49
0210MF,FM,-1.269414,36.840677,1,6
0210MGC,Muthaiga Golf Club Stage,-1.2589,36.842523,3,120 121 100A
0210MIN,Amani,-1.28112,36.963324,1,0039
0210MNG,Mang'u,-1.075546,37.046508,1,237
0210MQT,Quickmart,-1.202312,36.834071,3,100 120 100A
0210MSL,muthaiga Golf Club Stage,-1.258875,36.842541,1,100
0210MTG,Muthaiga,-1.260445,36.843617,12,25 43 44G 44Z 45K 45G 49 145 17B 237 25A 29/30
0210NAK,Kwa Kanisa,-1.056994,37.055796,1,237
0210NAM,Transami,-1.327173,36.894906,1,0039
0210NAS,Naivas,-1.218634,36.895833,2,49 17B
0210NCY,Centy Club,-1.234149,36.990119,1,0039
0210NGE,Evergreen,-1.209211,36.833079,1,100
0210NGR,Ngara Stage,-1.274688,36.824407,10,25 44G 44Z 45K 49 145 237 25A 11C 46B
0210NID,Drive In,-1.248951,36.863227,1,145
0210NIG,Kirigu-ini,-1.148096,36.807418,1,120
0210NIM,Kiambu Terminus,-1.168832,36.826545,1,121
0210NIR,Drive In,-1.248865,36.862768,1,0027
0210NRS,Kariobangi Mwisho,-1.253065,36.884859,1,0027
0210NTR,Naivas Ciata Mall/Ridgeways Mall,-1.22544,36.839,4,100 120 121 100A
0210NUR,Guru Nanak,-1.269232,36.832475,1,25
0210NWK,Kahawa Wendani,-1.196646,36.923901,2,44G 44K
0210OIK,Mihango Kayole Junction,-1.287837,36.951986,1,0039
0210OLT,Toll,-1.130852,36.982212,1,237
0210ONR,Corner,-1.185451,36.994792,1,0039
0210OOI,Gititu Coffee Factory,-1.084299,36.782184,1,120
0210OON,Njomoko,-1.044895,37.060699,1,237
0210OUN,KSC International/Junction,-1.240867,36.887726,1,25A
0210OUS,Githunguri Township,-1.056968,36.780671,1,120
0210OUU,Kihunguro,-1.160045,36.958936,1,145
0210-P0,Triple-0,-1.272722,36.974675,1,0039
0210PA.,AP,-1.28535,36.955921,1,0039
0210PAS,Safari Park,-1.225807,36.885441,2,49 17B
0210PMH,Pumwani Hospital,-1.280535,36.844577,2,28 41
0210PMS,Pumwani Stage,-1.284349,36.84316,2,28 41
0210PNG,Pangani/Muthaiga Footbridge,-1.263927,36.838065,12,25 43 44G 44Z 45K 45G 49 121 145 17B 237 25A
0210PPS,Police Post,-1.219433,36.903631,2,49 17B
0210PRS,Prison,-1.151878,36.928673,1,145D
0210PSK,Bypass/Kwaheri,-1.215137,36.835018,1,100A
0210PYS,Bypass,-1.264157,36.98299,1,0039
0210RAO,Astro,-1.290562,36.947534,1,0039
0210RAT,Roasters,-1.234868,36.873915,1,17B
0210RBA,Barua,-1.193017,36.839942,2,100 120
0210RBU,Barua,-1.194019,36.839792,2,121 100A
0210RIH,Chandaria,-1.244239,36.885025,1,25
0210RMT,TRM,-1.220233,36.891553,1,17B
0210RNA,Kasarini,-1.205921,36.832008,1,120
0210RND,Rounder Terminal,-1.262344,36.878738,1,42
0210RSB,Roysambu Footbridge,-1.217229,36.894525,5,44G 44Z 45K 45G 237
0210RSC,KCA University,-1.252357,36.85941,1,0027
0210RSI,Kasarini,-1.204394,36.832757,1,100A
0210RV2,Riverside 2,-1.24947,36.877842,1,25A
0210RYS,Roysambu,-1.220432,36.891033,2,44G 44Z
0210SAE,Kastemil,-1.212595,36.903387,1,44Z
0210SAI,Kamakis,-1.178673,36.984245,1,0039
0210SAO,Roysambu,-1.217192,36.894477,1,145
0210SAP,Allsops,-1.245705,36.867059,1,25
0210SAR,Roasters,-1.233923,36.874613,1,237
0210SBA,Airbase,-1.315276,36.921683,1,0039
0210SEW,Sewage,-1.098944,37.024559,1,237
0210SHA,Kahawa Sukari,-1.188911,36.931293,3,44Z 44K 45K
0210SKA,Samaki,-1.246262,36.877971,1,25A
0210SMB,Supermambo,-1.27024,36.8327,2,100 120
0210SMW,Kwa Mlima,-1.233076,36.928632,2,17B 17B_2
0210SRA,Kasarani Primary,-1.220423,36.904593,1,17B
0210S/T,19/60 Stage,-1.285348,36.832266,1,0027
0210STD,Stadium,-1.221149,36.890238,2,44G 145
0210SUN,Sunton,-1.229605,36.920967,2,17B 17B_2
0210SUR,Utalii,-1.256711,36.855531,9,43 44G 44Z 45K 45G 49 17B 237 29/30
0210TAE,Roasters,-1.234744,36.873963,6,44G 44Z 45K 45G 49 145
0210TDL,Parklands Sports Club,-1.269453,36.812454,1,23W
0210TEE,Eastleigh Terminal,-1.272252,36.848842,1,6
0210TER,St. Teresa,-1.266657,36.847383,1,6
0210TGA,Ting'ang'a,-1.128432,36.811953,1,120
0210TIB,Kiambu Terminus,-1.167782,36.824691,1,120
0210TIG,Ruui/Kirigiti,-1.178816,36.837351,1,100A
0210TMR,TRM/Roysambu,-1.220374,36.891089,1,237
0210TRT,Torrents,-1.160577,36.944155,1,145D
0210TUH,Muthaiga,-1.26006,36.843408,1,0027
0210TYE,Equity,-1.218061,36.900112,1,17B_2
0210UIK,Ikinu Primary,-1.101434,36.797912,1,120
0210UKO,Kihunguro,-1.159826,36.959116,1,237
0210/US,TRM/Roysambu,-1.220469,36.890888,1,145
0210USG,GSU,-1.289645,36.949068,1,0039
0210UWT,Muthurwa,-1.286168,36.83222,1,17B
0210UYU,Muyuyu Avenue,-1.271549,36.848697,1,6
0210VIS,Naivas,-1.247518,36.873011,1,25A
0210VNA,Naivas,-1.218747,36.895679,1,17B_2
0210WDH,Kahawa Wendani,-1.196598,36.923922,2,44Z 237
0210WOK,Kwa DO,-1.21932,36.903609,1,17B_2
0210WPE,Dawa Pharmaceuticals,-1.247034,36.875031,1,25A
0210WTH,Witeithie,-1.0682,37.051172,1,237
0210YPS,Bypass,-1.165255,36.957356,1,237
0210ZMM,Maji Mazuri,-1.231949,36.926132,1,17B_2
0211AAA,Kahawa Sukari,-1.188401,36.931154,4,44G 44Z 44K 45K
0211AAJ,Juja Mall,-1.118481,37.009538,1,237
0211AAW,Kahawa,-1.195911,36.923831,1,237
0211ACB,Barracks,-1.311665,36.925344,1,0039
0211ACD,Baba Dogo Catholic Church,-1.244143,36.884692,1,25A
0211ADI,Kahawa Wendani,-1.196324,36.923429,2,44G 44Z
0211AEC,Overcomers Chapel,-1.158052,36.81746,2,120 121
0211AEP,Savanna Petrol,-1.058059,36.781926,1,120
0211AFY,Fancy,-1.275385,36.971564,1,0039
0211AGA,Pangani Police,-1.270323,36.835289,1,100A
0211AGC,Baba Dogo Junction/Dawa,-1.247152,36.874436,1,2030
0211AHN,China,-1.292921,36.944114,1,0039
0211AIC,Quickmart,-1.202404,36.833862,3,100 120 100A
0211AIK,Kamakis,-1.170865,36.972266,1,0039
0211AKW,Kwa DO/Kiambu Limuru Junction,-1.175044,36.834176,1,100
0211ALN,Naivas Ciata Mall/Ridgeways Mall,-1.225567,36.838856,2,121 100A
0211ALS,Allsops,-1.244064,36.867212,4,44G 45K 49 17B
0211AMN,Amani,-1.281066,36.963388,1,0039
0211'AN,Jehovah's Witness Ting'ang'a,-1.126753,36.813887,1,120
0211ANN,Pangani,-1.263819,36.837593,1,237
0211ANP,Pangani,-1.263728,36.837582,1,100A
0211ANS,St. Francis,-1.226145,36.916208,1,17B
0211.AP,AP,-1.285454,36.955824,1,0039
0211ARS,Safari Park,-1.225255,36.885138,2,45G 145
0211ASP,Allsops,-1.243799,36.867494,1,145
0211AUR,Guru Nanak,-1.269602,36.832041,2,0027 44Z
0211AVA,Naivas,-1.247184,36.872574,1,25
0211AWA,Kahawa,-1.196471,36.923394,1,145
0211BHC,Baba Dogo Catholic Church,-1.244205,36.884698,1,25
0211BLA,Total Kiambu,-1.174985,36.828908,1,120
0211BLR,Balkan Sec School/Fourways,-1.212254,36.833902,1,100
0211B/O,Kobil/K1,-1.267567,36.81205,1,23W
0211B/W,Bypass/Kwaheri,-1.215396,36.834972,1,100A
0211BYP,Bypass,-1.164175,36.957037,3,145 237 145B
0211CID,CID,-1.2503,36.84658,2,100 100A
0211CKS,Clay Works,-1.171564,36.947609,1,145
0211CLA,Utawala Junction/ Benedicta,-1.278754,36.967964,1,0039
0211CTT,Muthithi Tausi Junction,-1.266612,36.80779,1,23W
0211CYE,Garden City,-1.230823,36.877643,1,145
0211DBR,Ndumberi,-1.15155,36.805526,1,120
0211DEV,Riverside,-1.249748,36.878453,1,2030
0211DRN,Drive In,-1.24788,36.864343,1,29/30
0211DRV,Drive In,-1.248665,36.862886,9,43 44G 44Z 45K 45G 49 17B 237 29/30
0211EAR,Homeland/Garden City,-1.230887,36.877547,2,44Z 45K
0211EIN,Drive In,-1.249138,36.862529,1,25A
0211EKO,Kemsa Depot,-1.316312,36.920521,1,0039
0211END,Mitikenda,-1.180837,36.987491,1,0039
0211ERC,Corner,-1.185607,36.994969,1,0039
0211EVE,Evergreen,-1.20957,36.833073,1,100
0211FLY,Ruiru Fly Over,-1.149675,36.961886,1,237
0211FNT,Southfield/Nakumatt,-1.328257,36.892937,1,0039
0211G'F,Full gospel Ting'ang'a,-1.129728,36.80922,1,120
0211GIT,Githurai,-1.203038,36.917428,1,145
0211GNK,Guru Nanak,-1.26913,36.832663,2,6 120
0211GRF,Graffins College,-1.265996,36.805414,1,23W
0211HIA,Kwa Chief,-1.282913,36.959947,1,0039
0211HIP,High Point,-1.094878,37.028663,1,237
0211HNE,Ha Andrew,-1.131187,36.804843,1,120
0211HNT,Hunters,-1.227542,36.917967,3,49 17B 17B_2
0211HNU,Mihang'o/ Kayole Junction,-1.287804,36.952,1,0039
0211HWS,Car Wash Footbridge,-1.210696,36.907325,4,44G 44Z 44K 45K
0211IAU,Pangani/Muthaiga Footbridge,-1.26368,36.837687,3,49 145 17B
0211IBR,Preblo Ikinu Sch,-1.096683,36.792741,1,120
0211IEV,Drive In,-1.249507,36.862022,1,145
0211IGB,Pangani/Muthaiga Footbridge,-1.264104,36.837789,1,120
0211IGH,Githurai,-1.203706,36.916772,4,44G 44Z 45K 237
0211IHH,Shirika House,-1.272966,36.81636,1,23W
0211IIU,Ruui/Kirigiti,-1.178918,36.837354,1,100A
0211INS,Kiambu Bus Terminus,-1.168806,36.826057,1,100A
0211INT,Baba Dogo Terminal,-1.244208,36.887444,1,25A
0211IRA,Raia,-1.107498,36.80613,1,120
0211IUS,Bypass Ruai,-1.264758,36.982008,1,0039
0211IVE,Drive In,-1.249149,36.862516,1,25
0211IVO,Jua Kali,-1.247538,36.90836,1,42
0211I/Y,NYS/Utalii,-1.256236,36.855236,1,25
0211JKT,JKUAT Main Gate Stage,-1.105189,37.017042,1,237
0211JUJ,Juja Stage,-1.106865,37.015152,1,237
0211KAH,Kahawa Wendani,-1.196732,36.923016,1,45K
0211KAZ,Keza,-1.286093,36.954843,1,0039
0211KCA,KCA/Survey,-1.252175,36.859441,12,25 43 44G 44Z 45K 45G 49 145 17B 237 25A 29/30
0211KDO,Kwa DO/Kiambu Limuru Junction,-1.174947,36.834326,2,120 121
0211KEI,KIE,-1.269936,36.830895,2,25 25A
0211KEO,Kobe,-1.226333,36.990098,1,0039
0211KIP,Safari Park,-1.225201,36.885223,1,237
0211KIU,Old Kiambu,-1.172367,36.826376,1,120
0211KMJ,OTC,-1.285344,36.832273,1,43
0211KNI,Kariobangi Junction,-1.25322,36.878968,1,2030
0211KPO,Kiambuu Posta,-1.1669,36.825087,1,121
0211KRD,Kenyatta Road Stage,-1.12417,37.003518,1,237
0211KRE,Kware,-1.189211,36.930236,1,145
0211KRM,Karambe,-1.266877,36.845731,1,6
0211KST,KIST,-1.183455,36.838467,1,100
0211K.U,KU,-1.182232,36.936979,3,44G 44Z 44K
0211LIB,Kobil,-1.327184,36.894616,1,0039
0211LIT,Tripple-O,-1.273191,36.974037,1,0039
0211LMU,Junction/Kiambu Police/Kwa DO,-1.173377,36.831721,1,100A
0211LND,Parklands Sports Club,-1.269509,36.812468,1,23W
0211LOA,Taj Mall Roundabout,-1.324394,36.899128,1,0039
0211LTI,Utalii,-1.256214,36.855928,1,0027
0211MBS,Muthaiga Bus Stage,-1.25919,36.84238,4,100 120 121 100A
0211MEV,Covenant Ndumberi,-1.152816,36.80819,2,120 121
0211MNG,Mang'u,-1.07488,37.046347,1,237
0211MOO,Njomoko,-1.044002,37.060361,1,237
0211MRT,TRM,-1.219831,36.890947,3,44Z 45K 145
0211MTG,Muthaiga,-1.259818,36.843621,11,43 44G 44Z 45K 45G 49 145 17B 237 25A 29/30
0211MUU,Kiambu Terminus,-1.167797,36.824723,1,120
0211NAS,Naivas,-1.218629,36.895807,2,49 17B_2
0211NDA,Dawanol,-1.246816,36.874921,1,25A
0211NDK,Kitindo,-1.326422,36.895872,1,0039
0211NGE,Engen,-1.174363,36.977652,1,0039
0211NGI,Pangani/Muthaiga Footbridge,-1.263787,36.837577,2,25 25A
0211NGR,Ngara,-1.274602,36.823999,10,6 25 44G 44Z 45K 49 145 237 25A 11C
0211NIC,Garden City,-1.230581,36.877955,1,237
0211NIJ,Jikoni's,-1.229968,36.840962,3,100 120 100A
0211NIV,Aviation,-1.319287,36.907475,1,0039
0211NNO,Ngorofani,-1.226048,36.916034,1,17B_2
0211NOR,Ngorofani,-1.225319,36.915044,2,49 17B
0211NPA,Pangani,-1.263776,36.837614,2,43 100
0211NRD,Redeemed Ngemwa,-1.116081,36.813083,1,120
0211NUK,Guru Nanak,-1.269014,36.832472,1,237
0211NYS,NYS/Utalii,-1.256261,36.855156,11,43 44G 44Z 45K 45G 49 145 17B 237 25A 29/30
0211ODO,Don Bosco,-1.14698,36.808276,1,120
0211/OE,KIE/Pioneer/Desai,-1.271642,36.828296,1,25
0211OEO,Soko Mawe,-1.255177,36.879033,1,0027
0211OIN,Ngoingwa,-1.038118,37.060605,1,237
0211OOD,Roysambu Footbridge,-1.21692,36.894225,4,44Z 44K 45K 145
0211OOU,Roysambu Footbridge,-1.217245,36.893678,3,44G 45G 237
0211OSL,Allsops,-1.244327,36.867049,1,43
0211OTL,Toll,-1.13031,36.982346,1,237
0211PCA,PCEA Bishop Gathu,-1.092649,36.787333,1,120
0211PIO,KIE/Pioneer/Desai,-1.271544,36.828328,8,6 44G 44Z 45K 49 25A 29/30 11C
0211POA,Allsops,-1.244545,36.866727,1,25
0211POL,Allsops,-1.245682,36.867448,1,0027
0211PSE,Ruaraka Police Post,-1.244094,36.883743,1,25A
0211RIA,Sai Raj,-1.243818,36.880712,1,25A
0211RIT,Gititu Coffee Factory,-1.084238,36.782269,1,120
0211RMT,TRM,-1.219842,36.89091,1,17B
0211RMU,Kiambu Nrb,-1.171676,36.827956,1,100A
0211RNE,Evergreen,-1.210084,36.833113,1,120
0211RSB,Roysambu,-1.219815,36.89092,2,44G 49
0211RUI,Ruiru,-1.147707,36.959362,2,145D
0211S5K,Barracks/75 Rounda,-1.313397,36.92293,1,0039
0211SAA,Safari Park/USIU,-1.224976,36.885454,4,44G 44Z 45K 17B
0211SEB,Airbase,-1.315468,36.921492,1,0039
0211SEO,St. Joseph,-1.255832,36.985828,1,0039
0211SEW,Sewage Stage,-1.098477,37.024248,1,237
0211SHM,Mwisho,-1.244219,36.886151,2,25 25A
0211SHP,Shark's Palace,-1.2406,36.84422,4,100 120 121 100A
0211SHR,Car Wash,-1.210552,36.908175,1,145
0211SLR,Astrol,-1.290818,36.947258,1,0039
0211SMC,Lucky Summer Junction,-1.240865,36.888844,1,25A
0211SOW,Clay Works,-1.171364,36.947955,1,237
0211SRK,Tusker/Ronald Ngala,-1.28525,36.828822,4,45G 145
0211SSN,Seasons,-1.218672,36.902619,2,49 17B_2
0211STD,Stadium,-1.221553,36.889359,2,44G 45G
0211STM,Stima,-1.223906,36.908177,3,49 17B 17B_2
0211SYT,Tuskys,-1.317866,36.91829,1,0039
0211TAI,Muthaiga,-1.259828,36.843628,1,25
0211TAM,Transami,-1.325381,36.897562,1,0039
0211TGA,Ting'ang'a,-1.128688,36.811402,1,120
0211TIG,Kist Stage,-1.184202,36.838609,1,100
0211TIR,Itara,-1.185086,36.838746,4,100 120 121 100A
0211TMQ,Quickmart,-1.167539,36.965588,1,0039
0211TND,Thindigwa,-1.2003,36.83501,4,100 120 121 100A
0211TOA,Onyatta,-1.252667,36.986901,1,0039
0211TOR,JCL Motors,-1.235459,36.843775,2,120 100A
0211UNN,Kwa DO/Kiambu-Limuru Junction,-1.175178,36.833907,1,100A
0211UNR,Ndarugu,-1.082379,37.041242,1,237
0211USG,GSU,-1.289595,36.949189,1,0039
0211USM,Museum,-1.272559,36.815143,1,23W
0211UUN,Kihunguro,-1.160513,36.958375,1,145
0211VIN,Kwa Ng'ethe/Five Star,-1.189941,36.839722,3,100 121 100A
0211VSI,Naivas,-1.247141,36.872456,1,25A
0211VSR,KCA University,-1.253402,36.859032,1,0027
0211WAK,Kware,-1.189207,36.930228,1,237
0211WKN,Kahawa Wendani,-1.196332,36.923547,1,44K
0211WOK,Kwa Roy,-1.168956,36.969026,1,0039
0211WSR,Car Wash,-1.211076,36.90637,2,45G 237
0211WTH,Witethie,-1.068227,37.05049,1,237
0211XLE,Lex,-1.247168,36.871394,2,25 25A
0211YMY,Muyuyu Avenue,-1.271512,36.848847,1,6
0211YTA,SDA Ikinu,-1.102636,36.799543,1,120
0211YTC,Centy Club,-1.233945,36.989722,1,0039
0212APT,Allsops,-1.245157,36.867784,4,42 2030
0212BST,Bus Station,-1.287187,36.83026,2,17B
0212DDT,OTC,-1.284877,36.831024,4,0027 32D
0212GBT,Gikomba,-1.284134,36.840596,2,41
0212GRD,OTC,-1.286141,36.830667,17,100 120 121 17B 7 16/62 34J 58 19Cdc 34B 35/60 39SK 11 33TP
0212GTP,Githurai,-1.205374,36.918576,2,45P
0212KRT,OTC,-1.284054,36.831179,2,14
0212KUS,Odeon,-1.28274,36.824455,4,45K 25A
0212NGS,Bus Terminal,-1.286972,36.829401,3,43 15
0212RSY,Roysambu,-1.220459,36.89239,2,17B_2
0212RUS,Ruaka Stage,-1.207161,36.785845,2,107D
0212SNT,Odeon,-1.282831,36.824922,28,107 11A 11B 44G 44Z 49 11C 23KG 30 48O 105 48A 48B 48C
0212TKT,Town Terminal,-1.284149,36.827805,2,237
0213BDT,Baba Dogo Terminal,-1.244217,36.887409,2,25
0213DRD,Ndumberi,-1.151558,36.805577,2,121
0213GGD,Githunguri Terminal,-1.056368,36.77893,2,120
0213GHD,Githurai,-1.204341,36.916884,2,45G
0213KHO,Kiambu Hospital,-1.170495,36.830549,1,100A
0213LUD,Lucky Summer Terminal,-1.239762,36.897502,2,25A
0213MAT,Mathare North Terminal,-1.252119,36.867298,2,29/30
0213MKU,KU,-1.181746,36.937403,3,45K 145 237
0213MRY,Ruiru,-1.147669,36.959317,6,107D 145 145B
0213NGB,Ngumba Terminal,-1.233753,36.884501,2,43
0213PGG,Proggie,-1.209074,36.928213,2,45P
0213RNS,Rounda,-1.262183,36.878711,2,2030
0213STG,Mwiki,-1.233935,36.930523,4,17B 17B_2
0213TKD,Thika Town,-1.035427,37.076427,2,237
0213TMA,Kiambu Bus Terminus,-1.168987,36.826301,2,100
0213WTD,Westlands Terminal,-1.262242,36.803652,2,23W
0300AHE,Phase 3A Ruti,-1.266217,36.910436,1,18C
0300AIA,AIC Ziwani,-1.279698,36.8374,1,7
0300AOK,Chokaa,-1.249863,36.95109,1,3738
0300AOU,Hannah Court,-1.257162,36.904171,1,18C
0300AYM,MYSA,-1.260762,36.909977,1,18C
0300BAS,Base/Moi Forces Secondary School,-1.262131,36.86737,9,14 28 32D 41 46H 17Aky 18C 46B 16/62
0300BCM,Eastleigh,-1.272295,36.849008,1,28
0300BPS,BP/Dandora Inn/Shell,-1.254669,36.894599,4,42 32D 41 36
0300DSC,Dandora Secondary School,-1.251149,36.898903,4,42 32D 41 36
0300E2S,Sector 2,-1.267548,36.911852,1,18C
0300ENG,Majengo,-1.283916,36.843539,1,41
0300EQT,Equity Ngara,-1.278382,36.830223,5,6 100 100A 3N
0300FM,FM,-1.26935,36.840581,1,46B
0300FTY,Stage 41/Cinema,-1.249062,36.901231,3,42 41 36
0300GER,Gertrudes,-1.26675,36.911144,2,18C 16/62
0300GHT,Gate 8,-1.26878,36.912987,2,18C 16/62
0300IDA,Chai Road,-1.269889,36.838746,1,46B
0300JAS,Junction Auto Spares,-1.259533,36.874237,1,28
0300KAR,Kariokor DC/Starehe,-1.27782,36.834932,2,3N 7
0300KRE,Kariokor Estate,-1.278406,36.835811,2,3N 7
0300KRG,Kariobangi Terminal,-1.2554,36.878468,1,28
0300LSE,Mowlem Heights,-1.25463,36.910264,1,18C
0300MAA,Mamba,-1.269071,36.84167,1,46H
0300MAR,Imara Primary,-1.271367,36.919137,1,17Aky
0300MF,FM,-1.269394,36.840326,2,32D 46H
0300MIA,Masimba,-1.278239,36.908052,1,17Aky
0300MLG,Mlango Kubwa,-1.267419,36.843714,5,14 32D 46H 46B 16/62
0300MSB,Maili Saba,-1.254447,36.911404,3,18C 16/62 3738
0300MUT,36 Stage/Mutarakwa Road,-1.26148,36.886445,6,42 32D 41 18C 16/62 3738
0300NFI,Infill B,-1.26581,36.907014,1,18C
0300NGE,New Ngara Estate,-1.27975,36.831313,1,3N
0300NME,Stage 41/Cinema,-1.248334,36.902926,1,32D
0300NRG,Nigeria,-1.266321,36.848351,1,41
0300OBI,Kiboro,-1.266069,36.853603,1,41
0300OLE,Ole Suyean Guest Hs,-1.257796,36.911965,3,18C 16/62 3738
0300OPE,Mathare Worship/OiLibya,-1.265933,36.851487,2,32D 46H
0300PST,Posta,-1.276744,36.827354,1,3N
0300R0D,Rounda,-1.264304,36.908472,2,18C 16/62
0300RND,Rounda,-1.26251,36.878368,4,32D 41 18C 16/62
0300SAU,Junction Autospares,-1.260656,36.874146,1,14
0300UIH,Huruma Baptist,-1.257554,36.874505,1,28
0300UJT,Koma Junction,-1.265445,36.904661,1,18C
0300UNE,Tushauriane,-1.266433,36.916085,1,16/62
0300ZII,Riziki Academy,-1.280771,36.838529,1,7
0300ZIN,Ziwani,-1.279599,36.837201,1,3N
0300ZWN,Ziwani,-1.27907,36.8366,1,7
03014HM,K Mall/Phase 4,-1.2664,36.90556,1,18C
0301ACC,AIC Church,-1.256619,36.89799,3,18C 16/62 3738
0301AIC,AIC Church,-1.25684,36.897347,1,41
0301AIZ,AIC Ziwani,-1.2796,36.837297,1,3N
0301ALB,Amana/Jay Community,-1.266201,36.849035,6,14 32D 46H 18C 46B 16/62
0301ASN,Nasra,-1.278496,36.899608,1,17Aky
0301ASP,Posta,-1.246274,36.905801,1,32D
0301AUN,Dunia,-1.254611,36.893592,1,32D
0301AWB,Kwa Mbao,-1.261723,36.884883,1,3738
0301BAS,Base/Moi Forces Secondary School,-1.261668,36.871576,9,14 28 32D 41 46H 17Aky 18C 46B 16/62
0301BHS,BH,-1.26582,36.857434,9,14 28 32D 41 46H 17Aky 18C 46B 16/62
0301EGG,Garage,-1.272054,36.881511,1,17Aky
0301FLT,Flats,-1.261775,36.872435,9,14 28 32D 41 46H 17Aky 18C 46B 16/62
0301FM,FM,-1.26927,36.840838,2,32D 46B
0301GEE,Garage Stage,-1.279174,36.850014,2,28 41
0301ICH,Kwa Chief,-1.262083,36.867312,1,46B
0301IDB,Bridge,-1.271689,36.881444,1,17Aky
0301III,AIC Ziwani,-1.279725,36.837408,1,7
0301IRA,Kariokor Estate,-1.278325,36.835817,1,7
0301JUN,Saika Junction,-1.259587,36.912356,2,18C 16/62
0301KDC,Kariokor DC/Starehe,-1.277831,36.835248,2,3N 7
0301KMB,Karambe,-1.266882,36.845441,2,14 46H
0301LJH,Shujaa Mall,-1.28091,36.9056,1,17Aky
0301LLS,Danmills,-1.256905,36.904889,1,18C
0301MAP,Mathare Worship/OiLibya,-1.265889,36.85133,9,14 28 32D 41 46H 17Aky 18C 46B 16/62
0301MBK,Karambe,-1.266882,36.845698,2,32D 46B
0301MBP,Mamba,-1.268921,36.841922,6,6 14 32D 46H 46B 16/62
0301MF,FM,-1.269275,36.840768,1,46H
0301MJA,Meja,-1.263837,36.861033,1,28
0301MLG,Mlango Kubwa,-1.267348,36.843678,6,6 14 32D 46H 46B 16/62
0301MOH,Dandora Secondary School,-1.251424,36.898334,1,32D
0301MSB,Maili Saba,-1.254436,36.911444,3,18C 16/62 3738
0301MTS,Mother Teresa Road,-1.257648,36.874272,2,14 28
0301MYA,MYSA,-1.26052,36.909977,1,18C
0301NGE,New Ngara Estate,-1.27906,36.830823,1,3N
0301NUN,Junction,-1.257394,36.922541,1,3738
0301OIO,Motito,-1.253238,36.897025,1,32D
0301OSK,Rocks,-1.272891,36.911072,1,18C
0301PST,Posta,-1.276317,36.826705,1,3N
0301RDR,Rounder,-1.26206,36.879323,2,42 3738
0301ROD,Rounda,-1.264495,36.908296,2,18C 16/62
0301/RR,Garrisa/Eastleigh,-1.271165,36.848638,2,28 41
0301SNT,St. Teresa,-1.266469,36.847689,4,6 32D 46B 16/62
0301.ST,St.,-1.250115,36.951654,1,3738
0301TAO,Total,-1.269822,36.880996,1,17Aky
0301TOT,Total/Equity,-1.277901,36.829986,1,3N
0301TTS,St. Teresa,-1.26646,36.847683,2,14 41
0301TUJ,Jay Community,-1.26619,36.849306,1,41
0301URE,Slaughter,-1.254616,36.931049,1,3738
0301WAI,Ziwani,-1.278979,36.836557,1,7
0301WTE,Twisters,-1.256724,36.9251,1,3738
0301YAM,Mayaka,-1.266754,36.880205,1,17Aky
0302RND,Rounda,-1.262419,36.878486,5,32D 41 18C 16/62 3738
0303GKM,Gikomba Market,-1.284049,36.840554,4,3N 7
0303KND,Kanisani/Komarocks Phase 2,-1.26901,36.91362,4,18C 16/62
0303KRG,Kariobangi Terminal,-1.255571,36.878086,1,28
0303KST,Kariobangi Terminal,-1.255301,36.878572,2,14
0303PGT,Pangani Terminal,-1.265042,36.838526,2,11C
03106SE,36 Stage/Mutarawka Rd,-1.261405,36.886307,1,18C
0310AAA,Garrissa Road,-1.273298,36.849014,1,41
0310ACC,AIC,-1.256659,36.897995,3,18C 16/62 3738
0310ADA,Adam,-1.25277,36.958826,1,3738
0310AE.,St. Teresa,-1.266748,36.846798,1,14
0310AEA,Karambe,-1.266938,36.845782,2,32D 46B
0310AMB,Mamba,-1.269013,36.841804,2,32D 46B
0310ANS,Naivas,-1.280057,36.90107,1,17Aky
0310BAO,Kwa Mbao,-1.261877,36.883988,6,42 32D 41 18C 16/62 3738
0310BH,BH,-1.265987,36.857768,1,46B
0310CHF,Kwa Chief,-1.262392,36.866339,9,14 28 32D 41 46H 17Aky 18C 46B 16/62
0310DUN,Dunia,-1.255699,36.893,3,42 32D 41
0310EAS,St Teresa,-1.266947,36.847823,1,41
0310ENA,Jestan,-1.246691,36.905158,1,41
0310EQT,Equity,-1.252438,36.897528,4,42 32D 41 36
0310FLT,Flats,-1.261518,36.869833,9,14 28 32D 41 46H 17Aky 18C 46B 16/62
0310FRC,Moi Airforces Stage,-1.265826,36.858766,9,14 28 32D 41 46H 17Aky 18C 46B 16/62
0310GEG,Garage,-1.279392,36.849703,1,28
0310GTR,Gate 3A,-1.266197,36.910637,2,18C 16/62
0310HAA,Johnsaga,-1.262125,36.874441,1,46B
0310IES,Seniors,-1.2605,36.889732,1,3738
0310IKE,KIE,-1.273677,36.825601,1,11C
0310IKK,Kariokor,-1.279526,36.83354,8,43 45G 121 17B 7 14 32D 16/62
0310JAK,Koja,-1.281126,36.822757,7,44G 44Z 45K 145 237 46H 118
0310JAY,Jay Community,-1.266223,36.849303,8,14 28 41 46H 17Aky 18C 46B 16/62
0310JMT,Umoja 2 Market,-1.279741,36.897406,1,17Aky
0310JNH,Johnsaga,-1.26213,36.874006,2,32D 41
0310JST,Johnsaga,-1.261904,36.874065,2,14 28
0310JUN,Saika Junction,-1.259552,36.912367,3,18C 16/62 3738
0310LBW,Mathare Worship/OiLibya,-1.265928,36.851283,1,28
0310LMH,Shujaa mall,-1.281028,36.905597,1,17Aky
0310MBO,Kwa Mbao,-1.254904,36.909953,3,18C 16/62 3738
0310MPP,Mowlem Police Post,-1.25667,36.905902,3,18C 16/62 3738
0310MSB,Maili Saba D,-1.254506,36.910782,3,18C 16/62 3738
0310NPI,Patanisho,-1.280288,36.911348,1,17Aky
0310OGP,Ogopa Stage,-1.256158,36.90881,3,18C 16/62 3738
0310OSO,Soko,-1.26214,36.88179,2,32D 41
0310OYT,Thayo,-1.262594,36.865692,1,46B
0310PGG,Pangani Girls' School/Chai Road,-1.270182,36.837512,5,14 32D 46H 46B 16/62
0310PGP,Pangani Police Post,-1.2703,36.835672,2,11C 46B
0310PHI,OiLibia/Worship Center,-1.265944,36.851395,1,46B
0310PSE,Phase 4 Stage,-1.266817,36.906195,2,18C 16/62
0310RIS,Wamwaris,-1.261084,36.888065,7,42 32D 41 18C 16/62 3738 36
0310SEN,Seniors,-1.260172,36.890758,6,42 32D 41 18C 16/62 36
0310SKA,Saika,-1.256804,36.907785,3,18C 16/62 3738
0310SNT,St. Teresa,-1.266555,36.847404,4,32D 46H 46B 16/62
0310STP,Posta,-1.245532,36.906767,1,41
0310TAO,Thayo,-1.262913,36.864361,1,46H
0310TEN,Number 10,-1.263894,36.861143,9,14 28 32D 41 46H 17Aky 18C 46B 16/62
0310TOE,Mowlem Police Post,-1.256797,36.900775,1,18C
0310TON,Tononoka,-1.257512,36.90233,3,18C 16/62 3738
0310TOT,Total,-1.258177,36.893397,7,42 32D 41 18C 16/62 3738 36
0310TUA,Thawabu Primary,-1.277713,36.915699,1,17Aky
0310UYU,Muyuyu,-1.271333,36.850355,1,17Aky
0310WSJ,Kwa Jose,-1.266052,36.855129,1,46B
0310YAO,Day to Day,-1.274941,36.849582,1,28
0311AG1,Stage 41,-1.248205,36.902711,1,32D
0311AGP,Agip/Olympic,-1.263911,36.860837,8,14 32D 41 46H 17Aky 18C 46B 16/62
0311ASV,Naivas,-1.269892,36.913333,1,18C
0311AUL,Huruma Flats,-1.261518,36.869452,1,46B
0311BAO,Kwa Mbao,-1.261797,36.88445,5,42 32D 41 18C 16/62
0311BET,Bethany,-1.250111,36.905767,2,42 41
0311CHF,Kwa Chief,-1.26206,36.867403,8,14 28 32D 41 46H 17Aky 18C 16/62
0311CIN,41 Stage,-1.252141,36.902819,2,42 41
0311DIZ,Kwa Mandazi,-1.254192,36.90031,2,42 41
0311DTB,Bee Center/ Roundabt,-1.28274,36.902786,1,17Aky
0311ENA,Sosian Estate,-1.281377,36.905356,1,17Aky
0311EPC,PCEA Kayole,-1.27068,36.913,2,17Aky 18C
0311ESL,Shule,-1.268368,36.992238,1,3738
0311FOR,Moi Forces Stage,-1.265525,36.859093,1,46B
0311FTY,Cinema,-1.250746,36.904857,1,41
0311GAM,Mwangaza,-1.273445,36.910879,1,18C
0311GHS,Eastleigh,-1.279613,36.847941,1,41
0311GIO,Rail Crossing,-1.257071,36.901647,1,18C
0311INP,Pangani,-1.263632,36.837606,1,11C
0311ION,Huruma Police Station,-1.260638,36.874044,1,28
0311ISN,Naivas,-1.269829,36.913303,1,17Aky
0311JOD,Joada/Ogopa,-1.256726,36.907904,3,18C 16/62 3738
0311JSG,Johnsaga,-1.261942,36.873953,9,14 28 32D 41 17Aky 18C 46B 16/62
0311JUA,Jua Kali/Wamilebe,-1.246176,36.908398,2,42 41
0311KAR,Kariokor,-1.278042,36.833852,1,3N
0311KEW,Kwa Jose,-1.265885,36.853509,1,46H
0311MAI,Cinema,-1.250194,36.89974,1,32D
0311MAN,Amana/Jay Community,-1.266113,36.849046,1,28
0311MBS,Masimba,-1.274378,36.910584,1,17Aky
0311MNA,Amana,-1.266153,36.849338,1,17Aky
0311NJO,Kiamaiko Junction,-1.256272,36.876791,1,28
0311NNE,Marigo Nne,-1.254787,36.899631,2,42 41
0311NNU,Guru Nanak,-1.269486,36.831666,1,11C
0311OTG,Gate Ndogo,-1.259002,36.912341,1,3738
0311PGG,Pangani Girls' School/Chai Road,-1.269865,36.838231,6,6 14 32D 46H 46B 16/62
0311PGP,Pangani Police Post,-1.270257,36.835758,1,6
0311PQZ,Qwema plaza,-1.279778,36.906161,1,17Aky
0311PSE,Phase 4,-1.266779,36.906209,2,18C 16/62
0311.RE,St. Teresa,-1.266437,36.847667,1,46H
0311RIS,Wamwaris,-1.261081,36.887801,7,42 32D 41 18C 16/62 3738 36
0311RSA,Car Wash,-1.251676,36.955114,1,3738
0311RTO,Kenol Petrol Station,-1.272629,36.911292,1,17Aky
0311SAN,Naivas/Summer,-1.280063,36.901169,1,17Aky
0311SAS,Hass,-1.262725,36.865421,1,18C
0311SBE,Phase 5B,-1.265761,36.907067,1,18C
0311SEN,Seniors/New Jerusalem,-1.260132,36.890638,7,42 32D 41 18C 16/62 3738 36
0311SOK,Soko,-1.262113,36.881741,4,32D 41 18C 16/62
0311TEN,Number 10,-1.262975,36.863945,9,14 28 32D 41 46H 17Aky 18C 46B 16/62
0311THY,Thayo,-1.262537,36.865729,9,14 28 32D 41 46H 17Aky 18C 46B 16/62
0311TON,Tononoka,-1.257539,36.90247,3,18C 16/62 3738
0311TOT,Total,-1.258219,36.893431,7,42 32D 41 18C 16/62 3738 36
0311WAK,Kwa Mandizi,-1.254235,36.964834,1,3738
0311WMI,Pumwani Hospital,-1.279859,36.846782,2,28 41
0312BSK,Bus Station,-1.286348,36.829349,4,7 16/62
0312EST,Eastleigh Terminal,-1.272252,36.850483,4,17Aky 18C
0312GKM,Gikomba Market,-1.284126,36.840649,2,28
0312NGR,Ngara,-1.275796,36.824732,2,3N
0312SOK,Soko,-1.262071,36.881887,1,3738
0313DDS,Dandora Terminal,-1.245059,36.90846,8,42 32D 41 36
0313EST,Eastleigh Terminal,-1.27225,36.848948,1,6
0313JST,Johnsaga,-1.262041,36.874019,2,46H
0313RND,Rounda,-1.262389,36.878748,2,46B
04001ES,Step 1,-1.264604,36.916914,1,20
04001LV,First Love,-1.28248,36.89671,1,35/60
040056_,56,-1.265119,36.886551,1,36
0400AAS,Naivas,-1.294698,36.876707,1,36
0400ACS,Solace,-1.25858,36.916632,1,38/39
0400AFP,Pefa,-1.299487,36.889987,1,1961Kd
0400ALF,Supa Loaf,-1.268295,36.902459,1,38/39
0400AOS,Isiolo Road,-1.308323,36.844121,1,69
0400AP1,Avenue Park 1,-1.313767,36.893431,5,33DP 33DC 33GTB 34J 33TP
0400AP2,Avenue Park 2,-1.311461,36.892009,5,33DP 33DC 33GTB 34J 33TP
0400ARR,Umoja 1 Primary,-1.281801,36.886704,1,3560_2
0400.AS,S.K.A.,-1.295899,36.839693,1,69
0400AZS,Mwangaza SDA,-1.273707,36.910887,1,19Cdc
0400BDC,Dc Bahati Office,-1.291113,36.857319,1,23KS
0400BEC,Bee Centre,-1.283357,36.902856,2,1961K 1961Kd
0400BER,Bee Centre/Roundabt,-1.282707,36.902432,2,17Aky 20
0400BFA,Bifa,-1.29074,36.88251,1,58
0400BFR,Biafra,-1.286574,36.851751,1,6E
0400BHC,Bahati Clinic,-1.290379,36.859007,1,23KS
0400BKB,Kiambiu,-1.278663,36.872697,3,23KS 26 26S
0400BNB,Kobil,-1.328943,36.891768,1,34J
0400BPS,Buru Roundabout,-1.277407,36.877643,4,23KS 26 26S 58
0400BRB,Neighbours,-1.277692,36.876093,3,23KS 26 26S
0400BSA,Busia Road,-1.310838,36.847817,1,69
0400CBN,Cabanas,-1.335821,36.892278,3,33DC 33C 34J
0400CHK,Chokaa,-1.250805,36.952837,1,38/39
0400CIN,Nacico,-1.288916,36.839789,1,33GTB
0400CKC,KCC,-1.275794,36.888404,1,38/39
0400CKW,Kwa DC,-1.297709,36.867177,1,35/60
0400CLT,Caltex,-1.301526,36.887369,6,33DP 33DC 33GTB 34J 34B 33TP
0400CLX,Caltex,-1.278657,36.88319,3,19C2 39SK 38/39
0400CMT,Chemist,-1.319169,36.896821,3,33DP 33DC 34J
0400CNK,Centy Club,-1.233871,36.990191,1,145B
0400CNR,Corner,-1.269495,36.881597,1,23KS
0400CNT,Connection,-1.321095,36.898098,2,33DP 33DC
0400CRN,Crown,-1.314108,36.852687,1,69
0400CRS,Crescent,-1.306163,36.88208,1,70/71
0400CST,Cathsam,-1.28459,36.89394,1,35/60
0400CSV,Mahutini/Southend,-1.269586,36.88275,1,23KS
0400CTB,Country Bus,-1.286758,36.835136,11,23KS 33GTB 34J 58 19Cdc 34B 1960 1961K 35/60 39SK 33TP
0400CTE,Caltex,-1.278652,36.883281,2,17Aky 17A
0400CWN,Crown,-1.307352,36.856347,1,70/71
0400DAA,Daraja,-1.316337,36.861896,1,69
0400DC,DC,-1.296925,36.863637,1,38/39
0400DNB,Doni Beach,-1.304934,36.883006,1,70/71
0400DNE,Dune,-1.269948,36.994619,2,3738 38/39
0400DSP,Dayspring,-1.263539,36.887485,1,23KS
0400EAM,Cinema,-1.254009,36.895891,1,36
0400EES,St. James/Southern Bypass,-1.324035,36.845167,1,33C
0400EIH,White House,-1.292953,36.886023,2,19C2 3560_2
0400ELO,Nile Junction,-1.297733,36.8674,2,58 1961K
0400ENA,Nasra Stage,-1.270477,36.900504,1,19C2
0400EPA,Epren Academy,-1.29582,36.89553,1,34B
0400ERE,Getrudes,-1.266692,36.910849,1,19C2
0400ESH,Phase 2,-1.26802,36.911911,1,19C2
0400EST,East Capital,-1.275337,36.891505,3,19C2 39SK 38/39
0400ETR,Bee Center,-1.283599,36.90162,1,19Cdc
0400EUL,Shule,-1.268601,36.992485,1,38/39
0400EXP,Express,-1.314765,36.85437,1,69
0400FAH,Fedha,-1.314427,36.893812,1,33DP
0400FDA,Fedha,-1.314712,36.894037,4,33DC 33GTB 34J 33TP
0400FDE,Fedha Estate,-1.313642,36.895661,1,33GTB
0400FDS,Friends Centre,-1.293533,36.86471,2,10 26
0400FNN,Friends Inn,-1.265337,36.886184,1,23KS
0400FSX,56,-1.264898,36.887042,1,23KS
0400GAM,Stage mpya,-1.312632,36.892774,1,33DP
0400GAO,Mogas,-1.297627,36.872451,1,38/39
0400GGE,Garage,-1.277488,36.877107,1,23KS
0400GMT,General Motors,-1.325934,36.870723,1,69
0400GNS,Green Span Estate,-1.285958,36.90416,2,1961K 1961Kd
0400GPM,N,-1.285776,36.887594,1,35/60
0400GRS,Grand Supermaket,-1.283668,36.894236,1,35/60
0400HAJ,Shujaa Mall/Sosian Estate,-1.281057,36.905536,1,20
0400HAW,Car Wash,-1.291441,36.901252,1,34B
0400HCC,Hillocks Country Club,-1.319164,36.865314,1,69
0400HDH,Hodihodi,-1.29309,36.866034,2,10 26
0400H/M,Southfield/Nakumatt,-1.330114,36.890195,1,34J
0400HMN,Harmony/Pioneer,-1.265777,36.879929,2,26 26S
0400HNB,Hornbill,-1.27876,36.888656,1,3560_2
0400HRB,Harambee,-1.283695,36.873042,1,26
0400HRS,Harambee Sacco,-1.292744,36.899107,3,34B 1961K 1961Kd
0400HRU,Uchumi Jogoo road,-1.296226,36.860188,2,1960 39SK
0400IAC,Nacico,-1.28891,36.839789,1,19Cdc
0400IAK,Park Inn,-1.320333,36.897916,1,33GTB
0400IBO,Kobil,-1.277924,36.8748,1,23KS
0400IEA,Mawe Mbili,-1.263301,36.979782,1,38/39
0400IGM,Dayspring Market,-1.264329,36.887852,1,23KS
0400IIA,OiLibya,-1.297771,36.85511,1,70/71
0400ILC,Civil,-1.263976,36.887678,1,36
0400IND,Industrial Area,-1.30012,36.83574,1,405
0400INR,Kenol Petrol Station,-1.284016,36.880414,1,58
0400IOI,Kioi,-1.277087,36.916082,1,20
0400IOR,Simba Court,-1.329807,36.854979,1,33C
0400IRJ,New Njiru,-1.249476,36.942317,1,38/39
0400IWK,Kwa Maji,-1.271123,36.899938,1,19C2
0400JMC,M,-1.285068,36.887407,1,35/60
0400JNC,Junction,-1.26347,36.92213,1,17Aky
0400JNT,Junction,-1.278491,36.889091,2,17Aky 17A
0400JNV,Jana Villa,-1.289892,36.852357,1,6E
0400JSC,Jerusalem Shopping Centre,-1.286125,36.867167,1,23KS
0400JSF,House of Manji,-1.309712,36.857243,1,70/71
0400JSK,Jeska,-1.287991,36.891655,1,35/60
0400KAG,KAG Bahati,-1.288925,36.862264,1,23KS
0400KBE,Kobe,-1.227264,36.990311,1,145B
0400KBL,Kobil,-1.328278,36.892562,6,33DC 33TP 33FED 33H 33UTW 33B
0400KCB,KCB,-1.259276,36.879183,2,26 26S
0400KCU,Cooperative Umoja,-1.28468,36.88505,1,35/60
0400KDO,Kwa DO,-1.274763,36.910452,4,18C 16/62 1960 1961K
0400KFW,Kwa Chief,-1.267859,36.885449,1,23KS
0400KHE,Bao Kithe,-1.269543,36.881114,1,36
0400KIN,JackNice,-1.312133,36.899034,1,33GTB
0400KMJ,Koma Junction,-1.265504,36.904626,3,19C2 39SK 38/39
0400KMK,Kamakis,-1.171282,36.972865,1,145B
0400KNA,Kirwa,-1.287809,36.891017,1,35/60
0400KNP,Kenpoly,-1.304277,36.883407,1,70/71
0400KNS,Kanisani,-1.268814,36.913869,3,19Cdc 19C2 1960
0400KOI,Kioi,-1.279145,36.915382,2,17Aky 17A
0400KON,Kona,-1.268642,36.920629,5,17Aky 18C 16/62 20 17A
0400KOT,Kotini,-1.295062,36.862403,1,10
0400KPS,Kayole Police,-1.26433,36.92351,2,17Aky 17A
0400KRT,Kartasi,-1.315173,36.859968,1,69
0400KRY,Kwa Roy,-1.168246,36.967919,1,145B
0400KSD,Kisumu Ndogo,-1.299632,36.889783,2,1961K 1961Kd
0400KSP,Kariobangi South Primary School,-1.267478,36.885486,1,23KS
0400KTA,Katami,-1.294339,36.851626,1,10
0400KTN,Kitindo,-1.326508,36.895346,7,33DC 34J 33TP 33FED 33H 33UTW 33B
0400KWA,Kwal,-1.306381,36.841321,1,69
0400KWC,Kwa Chief,-1.280111,36.896349,2,17Aky 3560_2
0400KWR,Kware,-1.307341,36.889611,5,33DP 33DC 33GTB 34J 33TP
0400KYB,Kampala Road,-1.311638,36.849872,1,69
0400KYJ,Kayole Junction,-1.25765,36.92249,3,3738 20 38/39
0400LBM,Bobmil,-1.331373,36.862596,1,33C
0400LET,Hurlingam Stage 2,-1.252635,36.958008,1,38/39
0400LKN,Likoni,-1.296405,36.855267,1,70/71
0400LLE,Belleview,-1.319563,36.837791,1,33C
0400LNC,Falcon Road/Kobil,-1.322474,36.869626,1,69
0400LRA,Astrid Petrol,-1.249117,36.948942,1,38/39
0400LTM,Mbotela,-1.296204,36.860252,1,10
0400MAE,Dar Es Salaam Road,-1.30416,36.838937,1,69
0400MAJ,Umoja 2,-1.278321,36.900187,1,20
0400MCW,Manyanja Road Car Wash,-1.28986,36.89401,2,19Cdc 1960
0400MIU,Hurlingham,-1.253489,36.961463,1,38/39
0400MKG,Rikana/Makongeni,-1.2943,36.851181,9,33GTB 34J 58 19Cdc 34B 35/60 38/39 70/71 33TP
0400MLA,Donholm Stage,-1.299353,36.88683,1,33DP
0400MLH,Mama Lucy Hospital,-1.273052,36.897218,3,19C2 39SK 38/39
0400MNL,Donholm,-1.296666,36.885878,1,19C2
0400MRA,Maria,-1.274258,36.917866,7,17Aky 18C 16/62 20 17A 1961K 1961Kd
0400MRS,Mara Savanna,-1.298668,36.892513,3,34B 1961K 1961Kd
0400MRT,Umoja Market,-1.286752,36.888464,1,35/60
0400MSB,Sosian Estate,-1.281468,36.905302,3,17Aky 1961K 1961Kd
0400MTK,Mitikenda,-1.180882,36.987895,1,145B
0400MTP,Metropolitan Hospital,-1.287643,36.874484,1,26
0400MTW,Mutindwa,-1.28617,36.88093,1,36
0400MYC,Myca,-1.260864,36.909819,2,39SK 38/39
0400MYK,Mayaka,-1.266861,36.880181,1,17A
0400MZW,Maziwa,-1.293393,36.846809,13,10 23KS 33DP 34J 58 34B 1960 1961K 35/60 39SK 38/39 70/71 33TP
0400N10,Number 10,-1.29319,36.867263,2,10 26
0400NCC,Nacico,-1.288989,36.839712,9,23KS 34J 58 34B 1960 1961K 35/60 39SK 33TP
0400NKN,Kanisani,-1.309412,36.828382,1,33C
0400NLI,Nobil,-1.273032,36.911096,1,19Cdc
0400NOI,Prison,-1.301354,36.837552,1,69
0400NPC,NPC Buruburu/CITAM,-1.29399,36.88053,2,36 58
0400NYD,Nyando,-1.277332,36.915929,7,17Aky 18C 16/62 20 17A 1961K 1961Kd
0400NYV,Nyama Villa,-1.276184,36.908902,3,1960 1961K 1961Kd
0400OLC,Reflector,-1.253119,36.93445,1,20
0400ONA,Raiply,-1.308156,36.868159,1,70/71
0400ONT,Onyatta,-1.24272,36.989463,1,145B
0400OOJ,C,-1.27774,36.892616,3,17Aky 17A 3560_2
0400OPS,Posta,-1.246455,36.905442,1,36
0400OSO,Sokoni,-1.267308,36.885467,1,36
0400PCK,Peacock,-1.278083,36.891199,2,17Aky 3560_2
0400PCL,Complex,-1.310447,36.900281,1,33GTB
0400PES,Pioneer Estate,-1.271818,36.880503,1,23KS
0400PFS,Phase 4 Stage,-1.28923,36.88201,2,36 58
0400PH5,Phase 5,-1.292042,36.900469,3,34B 1961K 1961Kd
0400PIO,Pioneer Estate,-1.267827,36.880428,2,26 26S
0400PMR,Prime Rose,-1.276292,36.916809,7,17Aky 18C 16/62 20 17A 1961K 1961Kd
0400POS,Post/Mihang'o,-1.265305,36.923289,2,17Aky 17A
0400PPL,Taj Mall,-1.323756,36.89967,2,33DC 33GTB
0400PS1,Maringo Phase1,-1.293404,36.86272,2,10 26
0400PSG,Raphaels,-1.272407,36.877518,3,23KS 26 26S
0400PSM,Buru 1 Primary School,-1.274135,36.877574,4,23KS 26 26S 36
0400PST,Post,-1.281103,36.91366,2,17Aky 17A
0400PTC,Patco,-1.308478,36.865482,1,70/71
0400QPM,QMP,-1.252904,36.959279,1,38/39
0400QTY,Equity,-1.309123,36.845319,1,69
0400RAH,warah,-1.278212,36.908218,1,17A
0400RAU,Rounda,-1.262736,36.878378,1,17Aky
0400RBA,Homa Bay Road,-1.307588,36.842944,1,69
0400RCK,Rocks,-1.27296,36.9111,1,1960
0400RDA,Rounda/Taj,-1.323214,36.900678,1,33FED
0400REN,Bee Centre,-1.282773,36.902896,1,17A
0400RND,Rounda,-1.264592,36.908344,1,19C2
0400ROA,Road A,-1.317972,36.862809,1,69
0400ROD,Kwa Breakdown,-1.270264,36.880988,1,36
0400ROU,Mutarakwa Road,-1.269302,36.881015,1,17A
0400RPY,Tanga Road,-1.307445,36.873329,1,70/71
0400RST,Raster,-1.275374,36.917464,5,17Aky 18C 16/62 20 1961K
0400RUU,Subaru,-1.330537,36.856298,1,33C
0400S3B,Sector 3B,-1.265207,36.90773,1,19C2
0400SBA,Sabasaba,-1.273009,36.918247,7,17Aky 18C 16/62 20 17A 1961K 1961Kd
0400SET,Sector 3A,-1.265182,36.909149,1,19C2
0400SFD,Softa Road,-1.32455,36.870715,1,69
0400SIX,36 Stage,-1.262572,36.886991,1,36
0400SKJ,Saika Junction,-1.259639,36.912423,1,38/39
0400SLA,Stella,-1.289558,36.885207,1,3560_2
0400SNC,Sun City,-1.285452,36.85161,1,6E
0400SNG,Sango,-1.286538,36.89445,1,35/60
0400SOS,Shujaa Mall,-1.28105,36.905592,5,17A 19Cdc 1960 1961K 1961Kd
0400SP1,Step 1,-1.265112,36.916519,2,19C2 1960
0400SPE,Super Highway,-1.165114,36.958521,1,145B
0400SRY,Oyster,-1.292991,36.898404,2,34B 1961Kd
0400STG,Stage Mpya,-1.312619,36.892717,4,33DC 33GTB 34J 33TP
0400STL,Stella,-1.289585,36.885218,4,19C2 35/60 39SK 38/39
0400SUR,Summers,-1.27869,36.90747,2,19Cdc 1961K
0400SVN,Savanna,-1.297722,36.893742,3,34B 1961K 1961Kd
0400SWT,Soweto,-1.281356,36.914771,3,17Aky 20 17A
0400TAT,Total,-1.269779,36.880902,1,26S
0400TIU,Mahutini/Southend,-1.269522,36.882871,1,36
0400TJR,Total Jogoo Road/Mogas,-1.29806,36.869393,13,33DP 33GTB 34J 36 58 19Cdc 34B 1960 1961K 35/60 39SK 38/39 33TP
0400TLA,Total Hamza,-1.297096,36.876069,1,36
0400TLS,Slaughter,-1.252699,36.935531,2,20 38/39
0400TMI,Tumaini/Tassia,-1.309294,36.890695,5,33DP 33DC 33GTB 34J 33TP
0400TMN,Tumaini,-1.297261,36.894332,2,1961K 1961Kd
0400TMW,Outer Mwisho,-1.271812,36.879403,3,23KS 26S 36
0400TNJ,Jestan,-1.247281,36.904404,1,36
0400TOO,Kenol Petrol Station,-1.283852,36.880296,1,36
0400TPK,Tetrapark,-1.314009,36.856534,1,69
0400TRN,Transami,-1.325344,36.897261,7,33DC 34J 33TP 33FED 33H 33UTW 33B
0400TSA,Tassia,-1.310388,36.89135,5,33DP 33DC 33GTB 34J 33TP
0400TSH,Tushauriane,-1.266625,36.915988,2,19Cdc 19C2
0400TSK,Tuskys,-1.290196,36.90195,3,34B 1961K 1961Kd
0400TSX,Junction 30 Stage,-1.261387,36.886382,1,36
0400TTP,Total Petrol Station,-1.26987,36.880975,1,23KS
0400TUI,Equity,-1.326615,36.849609,1,33C
0400TUY,Tuskys,-1.307043,36.876106,1,70/71
0400TYO,Joystar,-1.286951,36.889134,1,35/60
0400UAU,Lunga Lunga Square,-1.309245,36.860737,1,70/71
0400UCB,Uchumi Buruburu,-1.28808,36.88157,2,36 58
0400UFD,Uhuru Fields,-1.285164,36.868148,1,23KS
0400UJJ,Umoja Junction,-1.27826,36.890486,2,17Aky 3560_2
0400UJN,Uhuru Junction,-1.281881,36.871421,3,23KS 26 26S
0400UJR,Uchumi Jogoo Road,-1.296231,36.86022,9,33DP 33GTB 34J 58 19Cdc 34B 35/60 38/39 33TP
0400UM1,Umoja 1/Jasho Stage,-1.284156,36.887289,2,35/60 3560_2
0400UM2,Umoja 2,-1.279339,36.898189,2,17Aky 17A
0400UMA,Umoja 3,-1.274334,36.89459,1,19C2
0400UMD,Umoja Dispensary,-1.2826,36.886801,1,35/60
0400UMJ,Cherina,-1.276286,36.886468,2,39SK 38/39
0400UMM,Umoja Market/ Cooperative Umoja/ Jasho Stage,-1.283684,36.887155,2,35/60 3560_2
0400UMP,Umoja PCEA,-1.280541,36.886606,1,3560_2
0400UOJ,Umoja 3,-1.274357,36.894273,1,38/39
0400URH,Muthurwa,-1.286457,36.834379,1,35/60
0400USM,Summers,-1.278743,36.907392,1,17A
0400USS,Uhuru Secondary School,-1.283791,36.869433,1,23KS
0400VAN,Naivas,-1.294675,36.876871,1,58
0400VNA,Viwandi,-1.307867,36.856398,1,70/71
0400VPK,KMall,-1.266443,36.905587,1,19C2
0400VSP,Visa Place,-1.277917,36.895035,3,17Aky 17A 3560_2
0400WKM,Welkim,-1.266918,36.989741,2,3738 38/39
0400YAA,Mayaka,-1.266775,36.880175,1,26S
0400ZAH,Hamza,-1.297322,36.874867,1,19Cdc
04011EP,Step 1,-1.265049,36.916544,3,20 19Cdc 1961K
0401AAN,Naivas,-1.294579,36.877051,1,58
0401ABL,OiLibya,-1.297894,36.85533,1,70/71
0401ADI,Dunia,-1.254658,36.893525,1,36
0401AIM,Hurlingam/QMP,-1.253339,36.961082,1,38/39
0401AIN,Kanisani,-1.257597,36.878673,1,26S
0401ALL,Shujaa Mall,-1.281023,36.905533,2,1961K 1961Kd
0401AMA,Makadara,-1.296349,36.861974,3,10 33GTB 34B
0401AMB,Bamudas,-1.262142,36.9077,1,38/39
0401AMG,Uchumi Stage,-1.295911,36.859382,1,34J
0401ANE,Tena,-1.291773,36.891441,2,19Cdc 1960
0401ANK,Rikana,-1.294087,36.851505,2,19Cdc 1961K
0401ANO,Nacico,-1.287369,36.837314,9,23KS 33GTB 34J 58 19Cdc 34B 1960 1961K 39SK
0401ARA,Imara Primary,-1.271303,36.919116,1,1961Kd
0401ATN,Nabuto,-1.285486,36.894032,1,35/60
0401BCK,KCB,-1.259732,36.878751,1,26S
0401BDG,Bridge,-1.271248,36.880891,1,17A
0401BEC,Bee Centre,-1.28332,36.90282,1,1961K
0401BEN,Nasra Estate,-1.280782,36.901531,3,17Aky 20 17A
0401BFR,Biafra,-1.286501,36.851676,1,6E
0401BKC,KCB,-1.259657,36.878746,1,26
0401BLK,Kobil,-1.320913,36.89827,1,33DC
0401BMP,Bumps,-1.26989,36.90834,1,19Cdc
0401BPF,Buruburu Phase 5 Favourites,-1.29403,36.87993,1,58
0401BPH,Buruburu Phase One,-1.272805,36.877509,1,36
0401BPR,Neighbours Buruburu Phase 1,-1.275364,36.877375,3,23KS 26 26S
0401BPS,Bahati Primary School Kag Bahati,-1.288887,36.862392,2,23KS 26S
0401BRG,Buru Buru Girls,-1.286377,36.874012,1,26
0401BSA,Busia Road,-1.310731,36.847871,1,69
0401BSR,Kayole Hospital/Biason Road,-1.270241,36.919824,2,20 1960
0401CAS,East Capital,-1.274988,36.892208,2,39SK 38/39
0401CEX,Chloride Exide,-1.321535,36.868663,1,69
0401CHK,Chokaa,-1.250724,36.952748,2,3738 38/39
0401CLT,Caltex/Total,-1.300812,36.887632,4,33DP 33DC 33GTB 34J
0401CLV,Calvary,-1.264662,36.916916,1,17A
0401CLX,Caltex,-1.278271,36.883952,5,17Aky 17A 19C2 39SK 38/39
0401CMT,Chemist,-1.319196,36.897208,3,33DP 33DC 34J
0401CNI,Junction,-1.297606,36.867757,1,38/39
0401CNK,Centy Club,-1.233479,36.990048,1,145B
0401CRS,Crescent,-1.306213,36.881607,1,70/71
0401CVS,Mahutini/Southend,-1.269372,36.881248,2,23KS 36
0401CVT,Total Outering road,-1.269495,36.880369,2,23KS 36
0401CWS,Carwash,-1.309111,36.90195,1,33GTB
0401DAA,Daraja,-1.316476,36.862159,1,69
0401DAR,Dar es Salaam Road,-1.304079,36.839148,1,69
0401DC,DC,-1.297397,36.873164,1,38/39
0401DHC,Church Road,-1.311863,36.899155,1,33GTB
0401DNE,Dune,-1.270022,36.994872,2,3738 38/39
0401DOA,Mogadishu Road,-1.308779,36.86306,1,70/71
0401DPG,Spring Board,-1.28289,36.895502,1,35/60
0401DSL,Diesel,-1.270568,36.919652,2,20 1960
0401ECM,Cinema,-1.253922,36.895888,1,36
0401EDN,Misenda,-1.28258,36.903218,1,19Cdc
0401ENJ,Jerusalem Junction,-1.286115,36.866303,1,23KS
0401EOJ,Toll Gate JKIA,-1.345817,36.907784,1,34J
0401EPA,Epren Academy,-1.29547,36.89568,3,1961K 1961Kd
0401EQM,Qwema Plaza,-1.279762,36.906225,4,17A 19Cdc 1961K 1961Kd
0401ESN,BP/Dandora Inn/Shell,-1.254635,36.894445,1,36
0401EYT,Equity,-1.258278,36.878703,1,26S
0401FDA,Stage Mpya,-1.314036,36.893946,3,33DP 33DC 34J
0401FDE,Fedha Estate,-1.313459,36.895747,1,33GTB
0401FDJ,Fedha Junction,-1.314264,36.894384,1,33GTB
0401FDS,Friends Centre,-1.293403,36.864591,1,10
0401FLC,Falcon Road/Kobil,-1.322638,36.86984,1,69
0401FNN,Friends Inn,-1.265392,36.885949,1,23KS
0401FPL,Supa Loaf,-1.267585,36.902921,1,39SK
0401GEA,Kwa Garage,-1.279458,36.871598,1,23KS
0401GEE,G,-1.279773,36.887165,3,35/60 3560_2
0401GKC,Goa Kayole Church,-1.271142,36.919239,4,20 1960 1961K 1961Kd
0401GM,GM,-1.329786,36.871126,1,33C
0401GMA,Grand Supermaket,-1.283539,36.89423,1,35/60
0401GNF,Green Field/Mwea House,-1.294531,36.896253,3,34B 1961K 1961Kd
0401GSE,Green Span Estate,-1.286157,36.904079,2,1961K 1961Kd
0401HBN,The Bantu,-1.261289,36.973929,1,38/39
0401HDH,Hodihodi,-1.293019,36.866085,1,10
0401HHH,H,-1.279038,36.888018,2,35/60 3560_2
0401HIO,Doshi,-1.32912,36.884843,1,33C
0401HLL,Shell,-1.321106,36.841112,1,33C
0401HMB,Homa Bay Road,-1.307223,36.842893,1,69
0401HMT,Home Matt,-1.308709,36.902508,1,33GTB
0401HOD,Donholm,-1.296655,36.885953,1,19C2
0401HPE,Raphael,-1.271726,36.879371,1,26
0401HRB,Harambee,-1.285111,36.873749,1,26
0401HRC,Cherina,-1.27722,36.885105,3,19C2 39SK 38/39
0401HRS,Harambee Sacco,-1.292664,36.899364,3,34B 1961K 1961Kd
0401HSU,Outer Mwisho,-1.271507,36.880639,1,26
0401HUJ,Uhuru Primary,-1.281871,36.871153,2,23KS 26
0401IDO,Isiolo Road,-1.308226,36.844242,1,69
0401IEK,Kwa Chief,-1.267356,36.885352,1,23KS
0401IFA,Infill A,-1.27138,36.90951,1,19Cdc
0401IFB,Infill B,-1.26579,36.90711,2,19Cdc 19C2
0401ILE,Elim,-1.293232,36.889603,1,35/60
0401IND,Industrial Area,-1.30013,36.83601,1,405
0401IVA,Naivas,-1.29458,36.877292,1,36
0401IYU,Equity,-1.258326,36.878735,1,26
0401JCN,Jacaranda,-1.287407,36.90453,2,1961K 1961Kd
0401JCY,JackNyce,-1.312239,36.898929,1,33GTB
0401JEN,Joy Gardens,-1.290454,36.891044,2,35/60 3560_2
0401JNT,Corner Junction,-1.278604,36.889225,5,17Aky 17A 35/60 3560_2
0401JTA,Taj Mall Interchange,-1.323643,36.8996,2,33DP 33C
0401JUC,Junction,-1.29217,36.868653,1,10
0401JUN,Junction,-1.27971,36.91058,2,20 1960
0401KAU,Kapur,-1.278132,36.891403,1,17A
0401KBE,Kobe,-1.226859,36.990212,1,145B
0401KBU,Uhuru Junction,-1.279736,36.871297,2,23KS 26S
0401KCC,KCC,-1.275619,36.888662,1,19C2
0401KCF,Kwa Chief,-1.280111,36.896156,5,17Aky 17A 35/60 3560_2
0401KCT,Kiambiu,-1.278958,36.872284,3,23KS 26 26S
0401KDO,Kwa DO,-1.274688,36.910458,5,17Aky 17A 19Cdc 1961K 1961Kd
0401KIE,KIE,-1.306552,36.856443,1,70/71
0401KMJ,Koma Junction,-1.265316,36.904551,2,39SK 38/39
0401KMK,Kamakis,-1.171119,36.972287,1,145B
0401KNA,Nakumatt HQ,-1.328702,36.854217,1,33C
0401KNB,Mesora,-1.282337,36.879623,2,36 58
0401KNL,Kenol Petrol Station,-1.284054,36.880382,2,36 58
0401KNM,Kona Mbaya,-1.26324,36.921401,1,1960
0401KNS,Kanisani,-1.26891,36.913623,2,17Aky 17A
0401KOB,K South primary,-1.267632,36.885368,1,36
0401KOJ,Koma Junction,-1.265461,36.90446,3,18C 16/62 19C2
0401KON,Kona/Bambo Villa,-1.268573,36.920489,2,20 1960
0401KOT,Kotini,-1.296118,36.86203,1,10
0401KRY,Kwa Roy,-1.168359,36.967716,1,145B
0401KSD,Kisumu Ndogo,-1.29924,36.89012,1,34B
0401KSR,mama lucy,-1.278802,36.898999,2,17Aky 17A
0401KST,Kimathi/Section 3 Junction,-1.288726,36.863122,2,23KS 26S
0401KTN,Kitindo,-1.32661,36.895968,7,33DC 33C 34J 33J 33H 33UTW 33B
0401KWR,Kware,-1.307513,36.890019,4,33DP 33DC 33GTB 34J
0401KYJ,Kayole Junction,-1.255456,36.929051,3,3738 20 38/39
0401LEP,Complex,-1.309905,36.900877,1,33GTB
0401LEU,Shule,-1.268455,36.992276,1,38/39
0401LHS,Jericho Hosptial,-1.291841,36.87144,1,10
0401LUM,Lumumba madukani,-1.293109,36.867955,2,10 26
0401M,M,-1.285084,36.887417,1,3560_2
0401MAA,Cathsam,-1.284596,36.893806,1,35/60
0401MAM,Mamba,-1.309228,36.859428,1,70/71
0401MBA,Masimba,-1.27812,36.90812,1,1960
0401MBC,Mbuyu Court,-1.2633,36.91375,2,19Cdc 19C2
0401MEA,Qwema Plaza,-1.279801,36.90619,1,20
0401MHN,Mihang'o,-1.2656,36.922973,1,1960
0401MKB,Mt Kenya Bar Shauri Moyo,-1.291806,36.855494,1,23KS
0401MKC,Mukokoa Court,-1.262199,36.912699,2,19Cdc 19C2
0401MLD,Tassia,-1.310141,36.891553,4,33DP 33DC 33GTB 34J
0401MLH,Mama Lucy Hospital,-1.272773,36.897288,3,19C2 39SK 38/39
0401MPC,Msaponi Court,-1.26368,36.91417,2,19Cdc 19C2
0401MPS,Morisson Primary School,-1.289923,36.859855,1,23KS
0401MRA,Maria,-1.274258,36.917818,4,20 1960 1961K 1961Kd
0401MRJ,Manyanja Road Car Wash,-1.28986,36.893989,1,19Cdc
0401MRR,Manyanja Road Round About,-1.28621,36.89796,2,19Cdc 1960
0401MSB,Sosian Estate,-1.281415,36.905404,1,1961K
0401MSC,Msisi Court,-1.262869,36.913268,2,19Cdc 19C2
0401MTK,Mitikenda,-1.180853,36.987592,1,145B
0401MTP,Metropolitan Hospital,-1.288246,36.874672,1,26
0401MVC,Mvinje Court,-1.261818,36.911724,2,19Cdc 19C2
0401MWS,Raphael,-1.271802,36.879408,2,23KS 26S
0401MYA,Myca,-1.260554,36.910093,1,38/39
0401MYJ,Manyanja,-1.294413,36.888061,4,19Cdc 1960 35/60 3560_2
0401N10,No 10,-1.293061,36.867141,1,10
0401NAS,NAS,-1.33724,36.919257,1,34J
0401NAT,Patanisho,-1.278185,36.908097,1,20
0401NBP,Kobil Calvary Temple,-1.278099,36.874119,3,23KS 26 26S
0401NCK,NCCK,-1.295609,36.876579,1,58
0401NMA,Elim,-1.295153,36.886618,2,33DP 1961K
0401NPC,NPC Buruburu,-1.29385,36.88073,1,58
0401NTR,Tushauriane,-1.266514,36.916023,1,19Cdc
0401NYD,Nyando,-1.277375,36.915801,4,20 1960 1961K 1961Kd
0401NYR,Nyora,-1.267065,36.922302,1,1960
0401NYV,Nyama Villa,-1.276141,36.90888,5,17Aky 17A 19Cdc 1961K 1961Kd
0401ODI,Londiani Road,-1.303693,36.856006,1,70/71
0401ODO,Softa Road,-1.324378,36.87078,1,69
0401OGS,Mogas,-1.297857,36.869704,10,33DP 33GTB 34J 58 19Cdc 34B 1960 1961K 35/60 39SK
0401OHS,Hillocks Junction,-1.320333,36.866966,1,69
0401OIL,Bobmil,-1.33095,36.862435,1,33C
0401OLJ,C,-1.277917,36.891848,5,17Aky 17A 35/60 3560_2
0401ONH,Donholm,-1.29658,36.886055,1,3560_2
0401ONT,Onyatta,-1.242568,36.989322,1,145B
0401ONY,Harmony/Pioneer,-1.263814,36.879052,1,26
0401ORC,Overcomers,-1.277847,36.908159,1,17A
0401OTM,The Komarock School,-1.264737,36.916198,1,19Cdc
0401P1M,Sector 0 (Zero),-1.26243,36.9103,2,19Cdc 19C2
0401P3B,Phase 3B,-1.268758,36.906726,1,19Cdc
0401PCE,Pcea,-1.270788,36.913011,1,17A
0401PCK,Peacock,-1.278303,36.890373,5,17Aky 17A 35/60 3560_2
0401PD1,JKIA - Passenger Drop Off 2,-1.330685,36.924092,1,34J
0401PDO,JKIA - Passenger Drop Off,-1.331908,36.925852,1,34J
0401PLB,Plan B,-1.278775,36.888619,2,35/60 3560_2
0401PMR,Prime Rose,-1.276377,36.916648,4,20 1960 1961K 1961Kd
0401PNR,Pioneer Estate,-1.27149,36.880605,1,23KS
0401POS,Post,-1.28107,36.91382,2,20 1960
0401PPL,Pipeline,-1.316594,36.89555,3,33DP 33DC 34J
0401PS1,Maringo Phase1,-1.293303,36.862738,1,10
0401PS4,Phase 4/Car Wash,-1.26837,36.90571,1,19Cdc
0401PSN,Prison,-1.300879,36.837576,1,69
0401QTY,Equity,-1.309159,36.845618,1,69
0401RCK,Rocks,-1.27294,36.91098,1,19Cdc
0401RDA,Dandora Sec,-1.250918,36.898865,1,36
0401RKN,Rikana,-1.294112,36.851433,9,23KS 33DP 33GTB 34J 58 34B 35/60 38/39 70/71
0401ROA,Road A,-1.317979,36.862983,1,69
0401ROK,Rocks,-1.27285,36.91115,2,17Aky 17A
0401RPL,Buru 1 primary,-1.272129,36.877338,2,26 26S
0401RSE,Summers,-1.278706,36.907427,2,1961K 1961Kd
0401RWE,Twisters,-1.256729,36.925084,1,20
0401S1S,Phase 1 stage,-1.271694,36.878274,1,26
0401S3B,Sector 3B,-1.26513,36.90769,2,19Cdc 19C2
0401SAQ,Lunga Lunga Square,-1.309025,36.860676,1,70/71
0401SBA,Sabasaba,-1.273041,36.918177,4,20 1960 1961K 1961Kd
0401SDA,Landhies,-1.287959,36.838521,4,23KS 19Cdc 35/60 39SK
0401SEE,St. James/Southern Bypass,-1.323767,36.845672,1,33C
0401SHL,Kartasi,-1.314969,36.860011,1,69
0401SIX,36 Stage,-1.262577,36.886961,1,36
0401SLT,Shimo La Tewa,-1.308585,36.828318,1,33C
0401SMJ,Umoja Dispensary,-1.282607,36.886833,1,35/60
0401SNI,Sinai,-1.306552,36.87874,1,70/71
0401SOS,Sos,-1.271641,36.878322,1,36
0401SOY,Joystar,-1.286972,36.889225,1,3560_2
0401SPE,Super Highway,-1.165307,36.958585,1,145B
0401SPL,Supa Loaf,-1.268889,36.901853,2,19C2 38/39
0401SPN,Kobil,-1.328788,36.892589,2,33DC 33C
0401STG,Meatland,-1.312389,36.892948,4,33DP 33DC 33GTB 34J
0401SVN,Savanna,-1.2971,36.89441,2,34B 1961Kd
0401SWM,Sowematt,-1.263862,36.922839,1,1960
0401SWT,Soweto,-1.281484,36.91461,2,20 1960
0401TAL,Total/Gilgil Road,-1.306322,36.841466,1,69
0401TEU,Outer Mwisho,-1.27149,36.880677,1,26S
0401TGS,Tuskys Green Span,-1.29024,36.90175,1,34B
0401TIT,Tata Bus Terminus,-1.311843,36.829852,1,33C
0401TKY,Tuskys,-1.262146,36.976114,2,3738 38/39
0401TLT,Total,-1.266899,36.879749,1,26
0401TMI,Tumaini,-1.309272,36.891028,4,33DP 33DC 33GTB 34J
0401TNS,Transgobal,-1.339334,36.911482,1,34J
0401TPK,Tetra Pak,-1.313698,36.856642,1,69
0401TQU,Equity,-1.28135,36.879062,1,58
0401TRN,Transami,-1.325457,36.897878,7,33DC 33C 34J 33J 33H 33UTW 33B
0401TSX,Junction 36 Stage,-1.261435,36.886392,1,36
0401TTL,Total,-1.269715,36.880508,1,17A
0401TUI,Kayole Junction,-1.257405,36.922603,1,38/39
0401TUY,Tuskys,-1.306922,36.875984,1,70/71
0401TYI,Equity,-1.252356,36.897417,1,36
0401UCB,Uchumi Buruburu,-1.288,36.88153,2,36 58
0401UES,Mosque,-1.279285,36.906756,1,1961Kd
0401UJJ,Umoja Junction,-1.27597,36.88731,2,17Aky 17A
0401UJR,Uchumi Jogoo Road,-1.296124,36.86067,8,10 33DP 33GTB 36 58 19Cdc 34B 38/39
0401UM1,Umoja 1/Jasho Stage,-1.284043,36.88716,1,3560_2
0401UM2,Umoja 2,-1.279167,36.898195,2,17Aky 17A
0401UM3,Umoja 3,-1.274076,36.89482,3,19C2 39SK 38/39
0401UMD,Umoja PCEA,-1.282477,36.886779,1,3560_2
0401UMJ,Umoja Junction/Caltex,-1.279446,36.882391,1,39SK
0401UMM,Umoja Market,-1.286768,36.888512,1,3560_2
0401UOU,Uchumi Jogoo Road,-1.297831,36.870198,1,38/39
0401UPS,Uhuru Shopping Centre,-1.282466,36.870895,2,23KS 26S
0401-UR,Uchumi - Jogoo Road,-1.297928,36.870216,1,36
0401USC,Uhuru Secondary,-1.283201,36.870085,2,23KS 26S
0401VWA,Viwandani,-1.307979,36.856599,1,70/71
0401VWP,KMall,-1.266271,36.905576,1,19C2
0401.WD,Kwa D.C.,-1.297525,36.867405,1,19Cdc
0401WIA,Kwa Maji,-1.270943,36.89982,2,19C2 39SK
0401WKM,Welkim,-1.26668,36.989375,2,3738 38/39
0401YKA,Mayaka,-1.266024,36.8795,1,26S
0401YMK,Mayaka,-1.266046,36.879556,2,26 17A
0402AQN,Aquinas,-1.295115,36.86707,1,26S
0402CLT,Caltex,-1.300979,36.888195,2,1961K 1961Kd
0402CTY,City Stadium/Lusaka Road Junction,-1.29345,36.84094,2,69 405
0402DON,Donholm,-1.298951,36.886564,1,33TP
0402KY1,Kayole 1/Queen's Park,-1.262366,36.919293,2,20 17A
0402LDR,Ladhies Road/OTC,-1.284376,36.832775,4,1960 1961K
0402MLY,Mama Lucy Terminal,-1.275035,36.898525,2,20
0402MWH,Makadara/Mwisho,-1.296145,36.862183,1,26
0402RAU,Rounda,-1.262811,36.879365,3,17Aky 17A
0403BNG,Kanisani,-1.257607,36.879162,2,26 26S
0403DMS,Donholm,-1.300211,36.885745,2,70/71
0403DSL,Kayole Hospital,-1.270241,36.919802,8,17Aky 18C 16/62 20 17A 1961K 1961Kd
0403GMW,GM Town,-1.328439,36.87016,2,69
0403INC,Spring board,-1.282965,36.895577,1,35/60
0403JCN,Jacaranda,-1.287568,36.904745,4,34B 1961K 1961Kd
0403JOS,Joster,-1.282799,36.851111,2,6E
0403KBL,Kobil,-1.328756,36.892449,4,33J 33H 33UTW 33B
0403KSE,Civil Servant/Deliverance Church,-1.262569,36.887042,2,23KS
0403KY1,Kayole 1,-1.262231,36.919566,5,17Aky 20 1960
0403LMS,Rabai,-1.290615,36.873765,2,10
0403MKC,Mkanju Court,-1.264168,36.914679,2,19Cdc 19C2
0403MKI,Mwiki Terminal,-1.235916,36.934875,2,20
0403MTW,Mutindwa,-1.286286,36.880948,3,36 58
0403MWF,Gate B,-1.308226,36.903205,2,33GTB
0403NYO,Baricho Road Terminus,-1.30411,36.82775,2,405
0403QKM,Quickmart,-1.27126,36.996889,3,3738 38/39
0403RAU,Rounda,-1.263235,36.879376,2,26 26S
0403RDA,Rounda,-1.322941,36.8996,1,33DC
0403SKJ,Saika,-1.259533,36.91248,4,3738 39SK 38/39
0403UM2,Umoja 2 Terminus,-1.279269,36.898152,2,3560_2
040HHH,H,-1.27897,36.888,1,35/60
040PLB,Plan B,-1.27877,36.88843,1,35/60
0410AAA,Manyanja,-1.294402,36.887417,1,19C2
0410AAL,Vision Plaza,-1.327291,36.850784,1,33C
0410ABT,Bata,-1.320135,36.897427,1,33DC
0410ADA,Imara Daima,-1.329008,36.880116,1,33C
0410AG2,Stage 24,-1.293452,36.863487,1,10
0410AKO,Komarock Infilll,-1.266008,36.90703,1,19C2
0410AMW,Maziwa,-1.293384,36.846935,2,36 19Cdc
0410ANA,Patanisho,-1.27941,36.910187,1,20
0410ANN,Manyanja,-1.294949,36.887101,1,1960
0410AOC,Cargo,-1.335268,36.917426,1,34J
0410API,Patanisho estate,-1.278448,36.908698,1,17A
0410APT,JKIA - Airport Town Stage,-1.332189,36.926358,1,34J
0410AQA,Qwema Plaza,-1.279823,36.906153,1,20
0410ARA,Nasra,-1.278276,36.900128,1,17A
0410ARL,Capital Center,-1.317056,36.833634,1,33C
0410ARN,Tusker/Ronald Ngala,-1.285811,36.827711,6,46H 34J 19Cdc 34B
0410ASE,Park Side Towers/Airtel,-1.325253,36.847222,1,33C
0410ASN,Nasra Estate,-1.279785,36.900987,1,20
0410AWC,Car Wash,-1.285296,36.899176,1,19Cdc
0410BAT,BAT,-1.305345,36.8561,1,70/71
0410BBP,Buruburu Police Post,-1.279672,36.878203,2,36 58
0410BDN,Donholm Roundabout/Stage,-1.296612,36.884472,1,19Cdc
0410BEN,Bee Centre,-1.28363,36.9017,1,1960
0410BHS,Bahati Stage,-1.289257,36.861512,1,23KS
0410B/M,Sameer/Lab,-1.331019,36.865118,1,33C
0410BPF,Buruburu Phase 5 Stage,-1.29428,36.87888,2,36 58
0410BPS,Ruai Bypass,-1.264259,36.983082,3,3738 38/39 145B
0410BRG,Buruburu Girls,-1.286076,36.874092,1,26
0410CCR,Church Army,-1.294697,36.85286,1,19Cdc
0410CEX,Chloride Exide,-1.321546,36.868628,1,69
0410CGR,Car & General,-1.30201,36.83195,1,405
0410CJA,Jericho Hospital,-1.291694,36.871694,1,10
0410CMH,Church Army,-1.294032,36.852238,1,23KS
0410COM,Commercial,-1.303715,36.838689,1,69
0410CPK,Peacock/Umoja Junction,-1.278357,36.8904,1,17A
0410CRN,Charina,-1.276302,36.886511,3,17Aky 17A 19C2
0410CST,City Stadium,-1.292439,36.842582,15,10 23KS 33DP 33GTB 34J 58 19Cdc 34B 1960 1961K 35/60 39SK 38/39 70/71 33TP
0410CUS,Jericho SDA Church,-1.28746,36.870477,1,26S
0410CUT,Junction,-1.292353,36.868921,1,10
0410DCJ,DC Jogoo Road,-1.296489,36.86221,1,10
0410DNB,Uchumi,-1.30543,36.882598,1,70/71
0410DNR,Donholm Interchange/Stage,-1.296709,36.884226,10,33DP 33GTB 34J 34B 1960 1961K 35/60 39SK 38/39 33TP
0410DPI,Paradise,-1.245169,36.907167,1,36
0410DTB,DT Dobie,-1.29908,36.83715,2,69 405
0410EAD,Ladhies,-1.288319,36.838403,2,35/60 39SK
0410EHA,Donholm Stage,-1.295539,36.886468,1,19Cdc
0410EIE,Pipeline,-1.317342,36.89563,1,33DC
0410ENI,Pipeline,-1.317729,36.89584,1,33DP
0410ERO,Corner,-1.26477,36.887152,1,36
0410ETJ,Shell Komarock Junction,-1.263193,36.906472,1,38/39
0410GRE,Garage,-1.271158,36.881281,1,26S
0410HCO,Ofafa Jericho High School,-1.291789,36.868218,1,26S
0410HMA,Donholm Naivas,-1.296939,36.886881,1,3560_2
0410HMZ,Hamza,-1.297385,36.874731,12,33DP 33GTB 34J 36 58 34B 1960 1961K 35/60 39SK 38/39 33TP
0410HRB,Harambee,-1.284973,36.873887,1,26
0410IBN,Makaburini,-1.298538,36.823602,1,33C
0410IEO,Jericho/Lumumba Shops,-1.292379,36.86979,1,26
0410ILO,Kobil,-1.277933,36.874849,1,26
0410ISR,Twisters,-1.255435,36.929276,2,20 38/39
0410ITN,Outering,-1.271834,36.879382,1,26
0410J1K,Umoja 1 Market,-1.283791,36.887079,1,35/60
0410JKJ,GM,-1.330301,36.8706,1,33C
0410JMN,Umoja Junction,-1.275982,36.887251,1,38/39
0410JNC,Junction,-1.2636,36.92242,1,17A
0410JUO,Umoja,-1.294489,36.887519,1,39SK
0410K1M,Kayole 1 Market,-1.266303,36.922699,2,17Aky 17A
0410KBM,BMK,-1.328766,36.8533,1,33C
0410KCF,Kwa Chief,-1.271845,36.918799,6,17Aky 18C 16/62 20 1961K 1961Kd
0410KEE,Steel Makers,-1.337382,36.893951,1,34J
0410KLL,Kaloleni,-1.293114,36.845543,16,10 23KS 33DP 33GTB 34J 36 58 19Cdc 34B 1960 1961K 35/60 39SK 38/39 70/71 33TP
0410KNS,Kanisani,-1.26901,36.913514,2,18C 16/62
0410KOB,K South primary,-1.267766,36.885365,1,36
0410KSD,Kisumu Ndogo,-1.299596,36.889769,1,34B
0410KWC,Kwa Chief,-1.279317,36.895979,1,17A
0410LAM,Green Span Mall,-1.288238,36.904082,1,1961Kd
0410LAO,Transglobal,-1.337827,36.913951,1,34J
0410LET,Caltex/Total,-1.301376,36.887796,1,1961K
0410LIT,St. Philip,-1.290379,36.874838,1,26
0410LMW,Shimo la Tewa,-1.308591,36.827996,1,33C
0410LOM,Donholm,-1.298892,36.886774,1,33DC
0410LSE,Shell,-1.32188,36.841487,1,33C
0410MAK,Market,-1.288553,36.874986,1,26
0410MIA,Maziwa,-1.293341,36.846887,1,33GTB
0410MKD,Makadara/DC Jogoo Road,-1.296655,36.862151,13,33DP 33GTB 34J 36 58 19Cdc 34B 1960 1961K 35/60 39SK 38/39 33TP
0410MLI,Elim,-1.293261,36.889585,1,19Cdc
0410MRB,Mareba,-1.308998,36.862291,1,70/71
0410MRR,Manyanja Road Round About,-1.28772,36.89679,1,1960
0410MSB,Masimba/Overcomers,-1.278298,36.907904,5,20 17A 1960 1961K 1961Kd
0410MUT,Mtindwa,-1.285502,36.88421,5,19C2 35/60 3560_2 39SK 38/39
0410NA0,Namba 20,-1.278401,36.915428,1,20
0410NAI,Donholm Stage,-1.295545,36.886473,1,38/39
0410NBT,Nabuto,-1.285325,36.894139,1,35/60
0410NCK,NCCK,-1.29581,36.87668,2,36 58
0410NJB,Taj Roundabout,-1.323557,36.899546,1,33DP
0410NJR,Njiru,-1.250577,36.939914,3,3738 20 38/39
0410NKO,Kayole One,-1.262172,36.919529,1,1961K
0410NML,Nyama Villa,-1.275896,36.909226,1,19Cdc
0410NOD,Standard Group,-1.331599,36.8603,1,33C
0410NPB,Ngorofani PCEA Bahati,-1.289988,36.859837,1,23KS
0410NSE,Nasra Estate,-1.279768,36.90092,2,17Aky 17A
0410OAD,Kwa D.O,-1.274757,36.910452,2,19Cdc 1961Kd
0410OAP,Kayole Hospital,-1.270529,36.919706,1,20
0410OAS,Posta,-1.29563,36.857371,1,33DP
0410OAU,Donholm Roundabout,-1.28721,36.897371,1,19Cdc
0410OEA,Chokaa Stage 2,-1.249868,36.951088,1,38/39
0410OJH,Hospital Jericho,-1.291666,36.87192,1,26
0410OKL,Kobil,-1.277922,36.874814,1,26S
0410OML,Donholm,-1.298806,36.886527,1,33GTB
0410PAW,Gateway Park,-1.326295,36.84911,1,33C
0410PCE,PCEA,-1.27141,36.91245,1,1960
0410PDA,Happyland,-1.285395,36.873974,1,26
0410PFJ,Phase 4 Ya Juu,-1.292852,36.882219,2,36 58
0410PH8,Phase 8,-1.288694,36.903511,3,34B 1961K 1961Kd
0410PST,Posta,-1.295668,36.857382,13,10 33GTB 34J 36 58 19Cdc 34B 1960 1961K 35/60 39SK 38/39 33TP
0410PWS,View Park/Phase 4/Phase 5B,-1.266802,36.906064,1,19C2
0410RAT,St. Teresa,-1.279113,36.907067,1,19Cdc
0410RIK,Rikana,-1.293439,36.852278,1,6E
0410RPT,Power Station,-1.255458,36.96776,1,38/39
0410RSK,Salvation Army/Tusker,-1.28526,36.831095,2,39SK 33TP
0410RST,Raster,-1.275846,36.917136,2,17A 1961Kd
0410RTO,Step 1,-1.264844,36.916592,1,1961K
0410SAH,Tushauriane,-1.266507,36.916198,2,20 1961K
0410SIA,Naivas,-1.279473,36.900866,1,17A
0410SNI,Sinai,-1.306614,36.879198,1,70/71
0410SSO,Sos,-1.271834,36.877901,1,26S
0410TAM,St. James,-1.282103,36.879599,1,36
0410TEN,Tena,-1.291832,36.891494,2,19Cdc 1960
0410THU,South C,-1.313628,36.830372,1,33C
0410TIA,Tushauriane,-1.266695,36.915978,1,19C2
0410TKY,Tuskys,-1.262244,36.976393,2,3738 38/39
0410TMH,Tom Mboya Hall,-1.296982,36.877643,11,33DP 33GTB 34J 19Cdc 34B 1960 1961K 35/60 39SK 38/39 33TP
0410TOA,Tononoka,-1.290867,36.87354,1,26
0410TOS,Post,-1.280279,36.911421,1,20
0410TSH,Tushauriane,-1.26655,36.915967,1,1960
0410UGI,Gill House,-1.286387,36.82688,2,23KS
0410UIA,Kariobangi South,-1.269827,36.880948,1,26
0410UIY,Equity,-1.282775,36.879918,2,36 58
0410ULA,Lumumba Madukani,-1.292379,36.869731,1,10
0410USP,Uhuru Shops,-1.283239,36.870053,1,23KS
0410WAA,Car wash,-1.278909,36.895882,1,17A
0410WDA,Kwa Matunda,-1.267179,36.917584,1,20
0410YYN,Nyayo,-1.305892,36.826778,1,33C
04111YO,Goa Kayole Church,-1.270165,36.919878,1,1961Kd
04112G4,Stage 24,-1.293361,36.863586,1,10
0411A1M,Umoja 1/ CDF,-1.27863,36.889402,1,17A
0411AAG,Tanga Road,-1.307298,36.873744,1,70/71
0411AAN,Manyanja,-1.293883,36.885776,1,38/39
0411AAS,Railways,-1.289665,36.827261,1,33C
0411ABT,BAT,-1.305243,36.856261,1,70/71
0411ACD,Makadara/DC,-1.296549,36.862953,1,36
0411ACE,Visa Place,-1.278191,36.891103,1,17A
0411ADR,Makadara,-1.296537,36.862473,2,34J 38/39
0411AGI,Kariobangi,-1.256652,36.87866,1,26S
0411AIO,Corner,-1.270949,36.919405,1,1961Kd
0411AJW,Kwa kiwanja,-1.262194,36.910661,1,19C2
0411AKI,Kirwa,-1.28767,36.890899,1,3560_2
0411ALB,Sameer/Lab,-1.330617,36.864828,1,33C
0411AOO,Toyota,-1.303929,36.826156,1,33C
0411AOT,Standard Group,-1.3311,36.859823,1,33C
0411APA,Panari,-1.329668,36.855719,1,33C
0411ASC,Carbanas,-1.335874,36.893372,1,33DC
0411ASI,Naivas,-1.280175,36.901132,1,17A
0411AUJ,Shujaa,-1.281261,36.905278,1,20
0411AWA,Car Wash,-1.284629,36.900182,1,19Cdc
0411BEN,Bee Centre,-1.28332,36.90191,1,1960
0411BIA,Busara primary,-1.278132,36.895282,1,17A
0411BLK,Kobil,-1.328015,36.893742,2,33DC 34J
0411BP1,Buru Roundabout,-1.277343,36.877155,4,23KS 26 26S 58
0411BPF,Buruburu Phase 5 Stage,-1.29418,36.8791,2,36 58
0411BPS,Ruai Bypass,-1.264119,36.983196,3,3738 38/39 145B
0411BYU,Buru 1 Primary,-1.274891,36.877365,1,23KS
0411CAI,Oilcom Charina,-1.275662,36.888871,1,38/39
0411CAR,Church Army,-1.2946,36.853198,14,10 33DP 33GTB 34J 36 58 19Cdc 34B 1960 1961K 35/60 39SK 38/39 70/71
0411CAT,Nile Junction,-1.297368,36.867263,5,26 34J 58 34B 1961K
0411CER,Corner,-1.269336,36.881774,1,23KS
0411CGR,Car  & General,-1.30195,36.83243,1,405
0411CIR,Uchumi-Jogoo Road,-1.296376,36.862392,2,1960 1961K
0411CRG,Cargo,-1.336124,36.916187,1,34J
0411CRN,Charina,-1.277622,36.888635,2,17Aky 17A
0411CST,City Stadium,-1.29239,36.843671,14,10 23KS 33DP 33GTB 34J 58 19Cdc 34B 1960 1961K 35/60 39SK 38/39 70/71
0411DC,DC,-1.297245,36.873733,2,36 58
0411DEI,Paradise,-1.245167,36.907303,1,36
0411DGC,DC Stage,-1.296848,36.864297,2,33DP 39SK
0411DLP,Dr. Livingstone Primary School,-1.287251,36.865316,2,23KS 26S
0411DRU,Rounda,-1.262918,36.878875,1,26
0411DTB,DT Dobie,-1.29875,36.83781,2,69 405
0411EAO,Kayole One,-1.262044,36.919494,1,1961K
0411EAS,41 Stage/Cinema,-1.248279,36.90269,1,36
0411EDS,Diesel,-1.269876,36.920014,1,1961Kd
0411EEA,Avenue Park 1,-1.315076,36.894611,1,33DP
0411EEE,Bee Center,-1.282789,36.902607,1,19Cdc
0411EER,Prestige/ Kayole Center,-1.269924,36.919937,1,1960
0411EIL,Elim,-1.293179,36.889579,2,19Cdc 3560_2
0411ELC,Caltex,-1.278754,36.883182,1,17A
0411ELL,Belleview,-1.319464,36.838301,1,33C
0411ERC,Pate Road,-1.307963,36.86854,1,70/71
0411EST,Makadara/DC,-1.296515,36.862457,2,33DP 58
0411ETA,Capital Centre,-1.31682,36.833956,1,33C
0411GMM,General Motors,-1.326088,36.870826,1,69
0411GOI,Outer Ring,-1.270827,36.880838,1,36
0411GSA,Mwangaza SDA,-1.273182,36.910911,1,19Cdc
0411GSL,Slaughter,-1.2516,36.937602,1,38/39
0411HHI,White House/Stella,-1.291902,36.885384,2,19C2 39SK
0411HMZ,Hamza,-1.29703,36.875659,12,33DP 33GTB 34J 36 58 19Cdc 34B 1960 1961K 35/60 39SK 38/39
0411HOM,House Of Manji,-1.309543,36.8573,1,70/71
0411HRB,Harambee,-1.284612,36.873561,1,26
0411HSG,Donholm Stage,-1.295223,36.886599,1,35/60
0411IFB,Infill A,-1.26612,36.90682,2,19Cdc 19C2
0411ILO,Kobil,-1.320956,36.898302,1,33DP
0411ILP,Tononoka,-1.291838,36.87149,1,26
0411IMU,Umoja Junction,-1.275993,36.887171,1,38/39
0411IOT,Police Station,-1.273084,36.877338,1,26
0411IRL,Hurlingam 1,-1.252566,36.958029,1,38/39
0411IRS,Airtel/Parkside,-1.325973,36.849346,1,33C
0411IRT,Kariobangi south Primary,-1.269417,36.882493,1,23KS
0411ITO,Mawe Mbili Police Station,-1.263209,36.979616,1,38/39
0411IWA,Kwa Miti,-1.260565,36.910002,1,39SK
0411JEA,Jesca,-1.287932,36.891232,1,35/60
0411JNV,Jana Villa,-1.291903,36.852417,1,6E
0411JSC,Jerusalem Shopping Centre,-1.285293,36.868057,2,23KS 26S
0411JUU,Uhuru Junction,-1.28215,36.871421,1,26
0411KAA,Kanisani,-1.257591,36.87866,1,26
0411KCF,Kwa Chief,-1.271598,36.918885,4,20 1960 1961K 1961Kd
0411KDW,Kwa DC,-1.297493,36.867279,1,35/60
0411KOI,Kioi,-1.27914,36.915345,2,20 1960
0411KPL,Kampala Road,-1.311235,36.849443,1,69
0411KPS,K,-1.282005,36.886683,3,35/60 3560_2
0411KSD,Kisumu Ndogo,-1.299273,36.890159,2,1961K 1961Kd
0411LCR,Reflector,-1.253215,36.934166,1,20
0411LRF,First Love,-1.282557,36.896607,1,35/60
0411MAA,Bee centre,-1.282509,36.902304,1,17A
0411MAS,Masimba,-1.278142,36.907915,5,17Aky 20 17A 1961K 1961Kd
0411MCR,Jericho market,-1.287675,36.87435,1,26
0411MCW,Car Wash,-1.29017,36.89347,1,1960
0411MEB,Kencom/Ambassadeur,-1.284634,36.82614,2,58
0411MIR,Imara Daima,-1.328434,36.880707,1,33C
0411MPT,Government Plaza/Devis,-1.30952,36.828763,1,33C
0411MRB,Mareba,-1.308839,36.86231,1,70/71
0411MSC,Machakos  Country Bus,-1.286414,36.834948,5,33GTB 19Cdc 1961K 35/60 39SK
0411MUT,Mtindwa,-1.28517,36.883727,3,19C2 39SK 38/39
0411MZW,Maziwa,-1.293608,36.849137,15,10 23KS 33DP 33GTB 34J 36 58 19Cdc 34B 1960 1961K 35/60 39SK 38/39 70/71
0411N,N,-1.285813,36.887584,1,3560_2
0411NAA,Cabanas,-1.335328,36.892491,2,33C 34J
0411NAH,Uchumi,-1.304074,36.883469,1,70/71
0411NAI,Sosian Estate,-1.281243,36.905415,1,1960
0411NDL,Donholm Stage,-1.296698,36.884134,1,19Cdc
0411NGS,Sango,-1.286554,36.894327,1,35/60
0411NII,Likoni,-1.296561,36.855306,1,70/71
0411NJR,Njiru,-1.250485,36.940001,3,3738 20 38/39
0411NJT,Umoja 2 Junction,-1.277414,36.899769,1,20
0411NLE,Deliverance Saika,-1.258397,36.917555,1,38/39
0411NOO,Power Station,-1.255876,36.968436,1,38/39
0411NRI,Majirani,-1.277735,36.875793,1,26
0411NSE,Kayole spine junction,-1.27833,36.900265,3,17Aky 20 17A
0411NSO,Vision Plaza,-1.327275,36.851631,1,33C
0411OAT,Total,-1.266931,36.879765,1,26S
0411OKR,St Phillip,-1.290207,36.874752,1,26
0411ONY,Harmony/Pioneer,-1.263884,36.879073,1,26S
0411OOC,Airport Junction,-1.343028,36.90139,1,34J
0411OOK,Kayole 1/Kayole Hospital,-1.270477,36.919727,1,1961Kd
0411OON,Hospital Jericho,-1.292288,36.870031,1,26
0411OOO,Buruburu Police Post,-1.279591,36.878142,1,58
0411OOU,Uchumi Jogoo Road,-1.296072,36.86044,1,35/60
0411ORE,Vi Rose,-1.263095,36.906509,1,39SK
0411OTR,Taj Roundabout,-1.324507,36.899412,2,33DC 34J
0411P1M,Phase1  Market,-1.26219,36.9106,1,19Cdc
0411P3A,Phase 3A,-1.27047,36.90877,1,19Cdc
0411PAC,Patco,-1.308441,36.865472,1,70/71
0411PEV,Fedha,-1.316096,36.895244,3,33DP 33DC 34J
0411PFJ,Phase 4 Ya Juu,-1.29252,36.88246,2,36 58
0411PFS,Phase 4 Stage,-1.28946,36.88204,2,36 58
0411PH5,Phase 5,-1.291848,36.90056,3,34B 1961K 1961Kd
0411PST,Posta,-1.29511,36.856036,12,10 33DP 33GTB 34J 36 58 34B 1960 1961K 35/60 39SK 38/39
0411RCK,Rocks/Mwangaza,-1.273668,36.91079,1,17Aky
0411REB,Bee Centre,-1.282809,36.902867,2,20 1961Kd
0411RIB,Kariobangi roundabout,-1.261277,36.878802,1,26
0411RIK,Rikana,-1.293424,36.85213,1,6E
0411RND,Rounda,-1.264216,36.908473,2,19Cdc 19C2
0411RON,Corner,-1.261958,36.919711,1,17A
0411RRC,Sokoni,-1.270734,36.919534,1,1961Kd
0411RST,Rasta,-1.275417,36.917362,4,20 1960 1961K 1961Kd
0411RUU,SOS,-1.284242,36.868916,1,26S
0411RVP,K-Mall/View Park,-1.266775,36.906228,2,19Cdc 19C2
0411SAS,Avenue Park 2,-1.311235,36.892219,1,34J
0411SIA,Naivas,-1.269774,36.913376,1,17A
0411SIE,Twisters,-1.253737,36.932999,1,38/39
0411SIR,Standard Drive,-1.311015,36.899573,1,33GTB
0411SKA,Solace,-1.258552,36.9164,2,3738 38/39
0411SMY,Shauri Moyo,-1.2929,36.845891,15,10 23KS 33DP 33GTB 34J 36 58 19Cdc 34B 1960 1961K 35/60 39SK 38/39 70/71
0411SNC,Sun City,-1.28568,36.851605,1,6E
0411SOS,Phase 1 Stage,-1.271807,36.878223,2,23KS 26S
0411SP1,Step 1/ Calvary,-1.265182,36.916466,2,17Aky 17A
0411STJ,Jestan,-1.247157,36.904653,1,36
0411STO,Posta,-1.29509,36.856065,1,19Cdc
0411SUQ,Aquinas,-1.292953,36.862666,1,26S
0411SVN,Savanna,-1.297615,36.893951,1,1961K
0411TAA,Bata,-1.319615,36.897449,1,33DC
0411TAM,Vita Foam,-1.330622,36.857532,1,33C
0411TAU,Tushauriane,-1.266325,36.916106,2,20 1961K
0411TEM,Market/Metro,-1.290824,36.873309,1,26
0411TEN,Tena,-1.293,36.88979,1,1960
0411TGS,Green Span Mall,-1.289531,36.902175,3,34B 1961K 1961Kd
0411TMH,Tom Mboya Hall,-1.296644,36.878319,10,33DP 33GTB 34J 19Cdc 34B 1960 1961K 35/60 39SK 38/39
0411TOL,Nairobi Bottlers,-1.269656,36.901258,2,39SK 38/39
0411TRH,Slaughter,-1.257325,36.92289,1,20
0411TSH,Tushauriane,-1.266534,36.915924,2,17Aky 17A
0411UAJ,Shujaa Mall,-1.281141,36.905458,1,19Cdc
0411UB1,Buruburu 1,-1.27583,36.877338,1,26
0411UJL,Umoja Junction/Caltex,-1.278319,36.882133,1,19C2
0411URD,Rounda,-1.262913,36.878891,1,26S
0411VAU,Naivas Umoja,-1.278868,36.900466,1,20
0411YYA,Nyayo,-1.305833,36.827014,1,33C
0412CAR,Church Army,-1.294665,36.852688,16,6E 10 33DP 33GTB 34J 36 58 34B 1960 1961K 35/60 39SK 38/39 70/71 33TP
0412CSD,City Stadium,-1.292224,36.843029,2,36
0412CTI,City Stadium/Lusaka Road Junction,-1.29336,36.84073,2,69 405
0412DLP,Dr. Livingstone Primary School,-1.287031,36.865434,1,23KS
0412DON,Donholm,-1.298447,36.887187,5,33DP 33DC 33GTB 34J 34B
0412KNC,Kencom/Ambassadeur,-1.285663,36.82482,15,34J 34B 46K 46Y 7C 5 32A 4W
0412MKD,Makadara,-1.296451,36.862606,1,26
0412MTH,Muthurwa,-1.287975,36.83387,3,69 70/71
0412MTW,Muthurwa,-1.288147,36.833886,7,10 33DP 69 38/39
0412NAI,Donholm Stage,-1.296274,36.884429,3,1960 39SK 38/39
0412TSR,Tusker/Ronald Ngala,-1.285535,36.828269,7,7 46B 35/60 39SK
0413PSB,JKIA - Passenger Boarding,-1.329602,36.92479,2,34J
04O2CLT,Caltex,-1.300845,36.888061,2,34B 1961Kd
0500AA,AA,-1.324432,36.885846,1,33MKR
0500AAL,Adopt Alight,-1.333549,36.889946,2,110 110ATH
0500AAZ,Mwangaza,-1.357552,36.723003,1,24
0500ABL,Amboseli Estate,-1.327429,36.839051,1,12D
0500ACA,Acacia,-1.398926,36.725188,2,126 126RK
0500ACC,African Conservatories Centre/Fa,-1.33866,36.73803,1,24BK
0500AGB,Agribusiness Centre,-1.365584,36.735952,1,24C
0500AHS,Happy House,-1.327292,36.83785,1,12D
0500AKI,Kambi,-1.339785,36.714517,1,24
0500ALA,Olenana,-1.424614,36.694344,1,126RK
0500AME,Al-Mukaram Estate,-1.326178,36.831067,1,12D
0500ANE,Golden Gate,-1.31533,36.838261,1,11
0500APJ,Airport Junction,-1.346604,36.902371,2,110 110ATH
0500AST,Astrol,-1.290915,36.946946,3,33J 33H 33UTW
0500AUT,Tumaini,-1.279582,36.966725,1,33J
0500BAL,Balozi,-1.318126,36.846641,1,11
0500BAR,Barclays,-1.397279,36.759171,2,125 126
0500BAS,Base,-1.315849,36.921197,2,33H 33UTW
0500BDS,Banda School,-1.365823,36.766645,2,125 126
0500BLZ,Balozi,-1.319938,36.848003,1,11_2
0500BMS,Bomas,-1.341678,36.768579,2,125 126
0500BOI,Bobmill,-1.331476,36.859706,1,33MKR
0500BPS,Baptist Church,-1.39569,36.735542,2,126 126RK
0500BRM,Barabara Mpya/Adventist University,-1.401294,36.72223,2,126 126RK
0500CAB,Cabanas,-1.33567,36.893147,1,33H
0500CAM,Cambridge,-1.363635,36.765271,2,125 126
0500CAR,Cara,-1.340514,36.714131,1,24
0500CAU,Quickmart,-1.166779,36.963627,1,145B
0500CHN,Chini Ya Mlima,-1.302358,36.915885,1,33B
0500CIT,Cid Training School,-1.317071,36.829826,2,12C 12D
0500CLX,Caltex/Total,-1.39586,36.737801,2,126 126RK
0500CMZ,Christian Ministries In Africa,-1.360852,36.725832,1,24C
0500COC,College Of Insurance,-1.325724,36.834001,1,12D
0500CON,Consolata,-1.346721,36.765356,2,125 126
0500CRW,Car Wash,-1.308654,36.915691,1,33B
0500CSH,Sunshine Sec. School,-1.320399,36.809388,2,125 126
0500CUE,CUEA/Bogani Road,-1.352263,36.76287,2,125 126
0500CUV,Cuea,-1.34149,36.757784,2,24BK 24C
0500DAD,Ndege Road,-1.354837,36.719956,1,24
0500DAK,Dafam Hotel/Kenya Assemblies Of God,-1.325705,36.837034,1,12D
0500DBC,Don Bosco,-1.33724,36.72778,1,24BK
0500DMS,Dam Estate,-1.322683,36.803808,4,15 125 126 24C
0500DRN,Stedmak Garden,-1.341255,36.756091,1,24
0500DVK,Devki,-1.443505,36.989586,1,110ATH
0500ELD,Kincar,-1.289385,36.97466,2,33J 33UTW
0500EPZ,Epz,-1.468748,36.96082,1,110
0500EVP,Village Police,-1.309972,36.913061,1,33FED
0500EXC,Exciting,-1.395422,36.731633,2,126 126RK
0500EYR,Ramsey,-1.306719,36.81812,1,14A
0500FAA,Fair Mart,-1.396596,36.747763,2,126 126RK
0500FCT,Friends Court,-1.326778,36.837615,1,12D
0500FLT,Flats/Arap Moi,-1.405433,36.716555,2,126 126RK
0500FNA,Falcon,-1.331229,36.863438,1,33FED
0500FRT,Forest Lane,-1.346624,36.714338,1,24C
0500FTM,Fatima,-1.396363,36.744656,1,126RK
0500GCG,Gichagi,-1.425355,36.693466,2,126 126RK
0500GCT,Beacons Inn/Giraffe Centre,-1.366791,36.743641,1,24C
0500GOE,Garden 1 Estate,-1.325958,36.832582,1,12D
0500HAW,Kwa Rachel,-1.420591,36.703249,1,126RK
0500HAZ,Hazina Estate,-1.316141,36.848465,1,11
0500HIC,Kwa Chief,-1.28297,36.9598,1,33UTW
0500HJS,St. Joseph,-1.250024,36.987772,1,145B
0500HLL,Hillcrest Lane,-1.33832,36.73564,1,24BK
0500HLM,Shopping Mall,-1.28753,36.973991,1,33UTW
0500HLT,St Lukes Methodist,-1.350299,36.748382,1,24
0500HMN,Hardy Manor,-1.365369,36.737049,1,24C
0500HRN,Hardy Junction,-1.364735,36.742294,1,24C
0500HSM,Horse Man,-1.421689,36.700664,2,126 126RK
0500HST,Wildlife Clubs of Kenya,-1.3381,36.773397,3,125 126 24C
0500HZS,South B Stage,-1.315634,36.848468,1,11
0500IKO,Kongoni,-1.365041,36.740695,1,24
0500IMD,Imara Daima,-1.32504,36.881211,1,33MKR
0500ITM,CITAM,-1.341469,36.758087,1,24
0500JCC,JCC Church,-1.318206,36.846642,1,11_2
0500JKL,Juakali,-1.306219,36.91596,1,33B
0500KAE,Kware,-1.396837,36.749512,1,126RK
0500KAN,Kanisani,-1.407446,36.714446,2,126 126RK
0500KAP,Kapa,-1.365397,36.911998,2,110 110ATH
0500KBL,Karen Blixen,-1.353141,36.713296,1,24C
0500KBR,Baraka,-1.306697,36.817154,1,14A
0500KCH,Karen Catholic Church,-1.32613,36.71052,1,24C
0500KCL,Karen Country Club,-1.33948,36.714834,1,24C
0500KCY,Karen C Primary School,-1.33932,36.7426,1,24BK
0500KEA,Kemsa,-1.314942,36.916668,2,33FED 33B
0500KHN,Kahungo,-1.422279,36.699212,2,126 126RK
0500KJI,Kwa Maji,-1.423343,36.695863,2,126 126RK
0500KKM,Kwa Kimani/Laiser Hill,-1.395561,36.73389,2,126 126RK
0500KLB,KLB,-1.324394,36.830671,1,12D
0500KMC,KMC,-1.452137,36.97983,2,110ATH 110AK
0500KME,KMA Estate,-1.320531,36.829166,2,12C 12D
0500KMR,Kamura,-1.41005,36.712277,2,126 126RK
0500KNC,Kenchik,-1.411761,36.949273,2,110 110ATH
0500KOB,Kobil,-1.307247,36.833344,1,11_2
0500KPS,Kongoni Primary School,-1.312282,36.828122,2,12C 12D
0500KRJ,Karen Road Junction,-1.333746,36.716578,1,24C
0500KRT,Kwa Ratio,-1.420068,36.704601,2,126 126RK
0500KSG,Kenol/South C Gardens,-1.313202,36.826786,2,12C 12D
0500KSP,Marist Lane/Kspca,-1.3378,36.73183,1,24BK
0500KSR,Kiserian,-1.42973,36.687204,2,126 126RK
0500KTT,Park Estate,-1.322377,36.787494,1,15
0500KWG,Kwa Gate,-1.30049,36.91454,1,33B
0500KWI,Kawi,-1.325755,36.833623,1,12D
0500KWT,Kwa Transfomer,-1.303645,36.916636,1,33B
0500LBN,Laibon Lane,-1.360978,36.724102,1,24C
0500LGS,Lang'ata Road Stage/St. Mary'S H,-1.332642,36.78224,1,24
0500LIM,Maasai Mall,-1.394565,36.764109,1,126
0500LMA,Maasai Mall,-1.394509,36.764174,1,125
0500LRJ,Lang'ata Road Junction,-1.340833,36.750538,1,24C
0500MAR,Marmanet House,-1.310343,36.833681,2,11 11_2
0500MBT,Mabati,-1.370161,36.917469,2,110 110ATH
0500MBZ,Matbronze,-1.364419,36.745237,1,24C
0500MCH,Machakos Road,-1.302277,36.831354,2,11 11_2
0500MCT,KMTC,-1.348572,36.713905,1,24
0500MEM,Memorial Hospital,-1.310274,36.805254,1,16
0500MER,Merrystart Academy,-1.285293,36.986179,1,33UTW
0500MGA,Mugoya Phase 1,-1.319535,36.829339,2,12C 12D
0500MGC,Magacia,-1.395882,36.729181,2,126 126RK
0500MGH,Mama Ngina Children's Home,-1.312983,36.825767,2,12C 12D
0500MGT,Sironik Road,-1.396507,36.761035,2,125 126
0500MGY,Mugoya,-1.321518,36.828972,2,12C 12D
0500MIN,Madina Estate,-1.325513,36.835581,1,12D
0500MIO,Akiba/Madina Shops,-1.31467,36.823189,1,12C
0500MJN,Mjengo,-1.406897,36.94665,2,110 110ATH
0500MKY,Kobil/Mokoyeti Road West,-1.34093,36.754073,2,24BK 24C
0500MLN,Millenium,-1.395977,36.739571,2,126 126RK
0500MMU,Multimedia University,-1.382143,36.770575,2,125 126
0500MOW,MOW,-1.318489,36.829564,2,12C 12D
0500MPF,Mugoya Phase 4,-1.325135,36.830784,1,12D
0500MPK,Npc Karen,-1.341643,36.759041,2,24BK 24C
0500MPS,Madaraka Primary,-1.306788,36.816398,1,14A
0500MRL,Marula,-1.336929,36.71569,1,24C
0500MSC,Madaraka Shopping Centre,-1.30674,36.818715,1,14A
0500MSL,Masai Lane Junction,-1.355178,36.723273,1,24C
0500MSQ,Mosque,-1.312593,36.823773,2,12C 12D
0500MSR,Mashuria,-1.41932,36.70625,2,126 126RK
0500MSU,Mosque,-1.33998,36.74725,1,24BK
0500MSV,Masai Villas,-1.357741,36.723063,1,24C
0500MSW,Maasai Lane/Masai West,-1.360987,36.722714,1,24C
0500MUQ,Mosque,-1.302427,36.802263,1,16
0500MWR,Masai West Road,-1.360803,36.729305,1,24C
0500NBA,Nairobi Academy,-1.340475,36.750709,2,24BK 24C
0500NBW,Nairobi Women's Hospital,-1.396461,36.74589,2,126 126RK
0500NDB,Bandari,-1.326095,36.840299,1,12D
0500NDG,Ndege Road,-1.354816,36.720121,1,24C
0500NGA,Kwa Njenga,-1.414989,36.711049,2,126 126RK
0500NLP,Nalepo,-1.420443,36.703693,2,126 126RK
0500NMJ,Namanga Junction,-1.435993,36.972815,1,110ATH
0500NNE,Engen,-1.174417,36.977789,1,145B
0500NRA,Ngara,-1.315974,36.826829,1,12D
0500NSK,Nacico,-1.288159,36.838379,1,11
0500NTN,Nation,-1.372404,36.920009,2,110 110ATH
0500NTU,Nyotu,-1.397259,36.756804,2,125 126
0500NYT,Nyati,-1.420839,36.702737,2,126 126RK
0500NYY,Nyayo,-1.30571,36.826676,6,33IMR 33MKR 33UTW 110 110ATH 33B
0500OAI,Vision Plaza,-1.327865,36.851755,1,33FED
0500OBT,Allpack /Orbit,-1.386374,36.933952,2,110 110ATH
0500OLR,Olerai,-1.396309,36.743885,2,126 126RK
0500OLS,Our Lady Secondary,-1.317818,36.847372,1,11
0500OOB,Brooks,-1.329689,36.713476,1,24
0500ORP,Orphanage,-1.33317,36.781317,2,125 24C
0500OSA,Afya House,-1.326949,36.837713,1,12D
0500PCH,Milele Nairobi PCEA Headquarters,-1.312743,36.824658,2,12C 12D
0500PHP,Shopping Center,-1.311698,36.838293,1,11
0500PLC,Places/Chap Chap,-1.396056,36.740775,2,126 126RK
0500PLV,Plainsview Phase 5,-1.318531,36.845042,2,11 11_2
0500PNR,Panari,-1.330204,36.855751,6,33IMR 33MKR 33UTW 110 110ATH 33B
0500PTL,Portland,-1.44941,36.968283,1,110
0500PVE,Plainsview Education Point/Bypass,-1.319592,36.841317,2,11 11_2
0500QRL,Quarry Lane,-1.354529,36.717501,1,24C
0500RAJ,Roundabout Jeshi,-1.313294,36.923292,2,33FED 33B
0500RAL,Car & General,-1.30174,36.832572,1,11
0500RLN,Reliance,-1.35447,36.906289,2,110 110ATH
0500RMP,Rimpa Road,-1.417618,36.709066,2,126 126RK
0500RNG,Tumaini/Ongata Rongai,-1.395274,36.763639,2,125 126
0500RNO,Corner,-1.185474,36.994832,1,145B
0500RRN,Ngara Sports Club,-1.316231,36.827854,2,12C 12D
0500RTN,General Motors,-1.330311,36.870326,1,33FED
0500S39,39,-1.438963,36.978762,1,110ATH
0500SAA,Embakasi,-1.310002,36.914368,1,33B
0500SAE,Hardy Shopping Centre/Hardy Police Station,-1.364805,36.74216,1,24
0500SAT,Shee Ambaji Temple,-1.315905,36.826178,2,12C 12D
0500SBK,Sabaki,-1.420315,36.953957,2,110 110ATH
0500SCS,South C Shopping Centre,-1.313348,36.827699,2,12C 12D
0500SFA,Southern First Assemblies Of God,-1.31353,36.823518,2,12C 12D
0500SHL,Shell,-1.321653,36.841235,6,33IMR 33MKR 33UTW 110 110ATH 33B
0500SHM,Shalom,-1.435524,36.966542,1,110
0500SKR,Syokimau Railway Station,-1.359653,36.907814,2,110 110ATH
0500SKW,KWS,-1.335976,36.776851,1,24
0500SLN,Solomon,-1.398712,36.942261,2,110 110ATH
0500SMI,Sulami,-1.45773,36.978475,2,110ATH 110AK
0500SMR,Sameer,-1.331062,36.864924,6,33IMR 33MKR 33UTW 110 110ATH 33B
0500SNA,Sana Sana,-1.31882,36.840906,2,11 11_2
0500SNR,Senior,-1.437106,36.966675,1,110
0500SST,Tuskys,-1.396987,36.752757,1,126RK
0500STM,Steel Markers,-1.337803,36.894404,2,110 110ATH
0500STR,Strathmore University/Siwaka,-1.308666,36.812439,1,14A
0500STS,Starsheik Academy,-1.45615,36.979691,2,110ATH 110AK
0500SUP,7Up,-1.307341,36.814858,1,14A
0500SWR,Swara,-1.35927,36.762587,2,125 126
0500SYJ,Stage Ya Juu,-1.391432,36.937822,2,110 110ATH
0500SYK,Syokimau,-1.379645,36.928056,2,110 110ATH
0500TAB,Kanisa Mabati,-1.310757,36.835206,1,11_2
0500TBA,BAT,-1.29541,36.855832,1,33TP
0500TEA,Gate C,-1.318962,36.84374,1,11
0500TJI,Junction,-1.297595,36.866566,1,33TP
0500TKS,Tuskys,-1.31705,36.918138,2,33FED 33B
0500TNI,Tumaini,-1.279564,36.966752,1,33UTW
0500TOL,Toll,-1.427072,36.959096,2,110 110ATH
0500TON,Connection,-1.321235,36.898184,1,33TP
0500TRN,Triangle,-1.426975,36.691508,2,126 126RK
0500TSH,Chemist,-1.319255,36.896878,1,33TP
0500/TT,Rubia Estate/Maasai Estate,-1.326733,36.789758,1,15
0500TTK,Total Karen,-1.33892,36.73972,1,24BK
0500TUR,Tulia Court,-1.308103,36.813453,1,14A
0500TUY,Nyotu,-1.397415,36.757915,1,126RK
0500UFK,Kifaru,-1.286216,36.983663,1,33UTW
0500UIR,RUMI,-1.316253,36.828159,1,12D
0500URO,Karuri Court,-1.307968,36.813721,1,14A
0500VUM,Vumira House,-1.311478,36.8353,1,11_2
0500WAT,South C Turnoff/Water,-1.315526,36.824171,2,12C 12D
0500WNN,Winners,-1.320817,36.84928,1,11_2
0500WTH,White House,-1.403785,36.718293,2,126 126RK
0500WTO,Mokoyeti West,-1.341045,36.754466,1,24
0501AAD,Madaraka Primary,-1.306933,36.815765,1,14A
0501ACA,Acacia,-1.398809,36.725319,2,126 126RK
0501ADV,Adventist University,-1.401103,36.722692,2,126 126RK
0501AES,Tata Bus Terminus,-1.311827,36.829889,1,33TP
0501AFL,Flats,-1.322195,36.776149,1,15
0501AGC,Africa Gospel Church,-1.340252,36.748179,1,24BK
0501AKL,Akila/Akila Police Post,-1.322649,36.830285,2,12C 12D
0501AMB,Amboseli Estate,-1.327511,36.839018,1,12D
0501AMN,Amani,-1.280458,36.964564,3,33J 33H 33UTW
0501AMR,Amref,-1.319163,36.810873,1,24
0501APJ,Airport Junction,-1.344124,36.902578,2,110 110ATH
0501APV,Airportview Estate,-1.313913,36.812483,3,16 34L 24C
0501ATH,Happy House,-1.327344,36.837894,1,12D
0501ATL,Total,-1.396005,36.737858,1,126
0501BAL,Balozi Junction,-1.318073,36.846677,2,11 11_2
0501BAN,Bandari,-1.304526,36.832493,2,11 11_2
0501BDS,Banda School,-1.365629,36.766651,2,125 126
0501BLU,Bluesky Estate/T-Mall,-1.312813,36.815245,3,16 34L 24C
0501BLZ,Balozi,-1.319831,36.848046,1,11_2
0501BMH,Boma Hotel,-1.324381,36.83385,1,12D
0501BMS,Bomas/Galleria,-1.344468,36.7663,2,125 126
0501BOT,Botanical Gardens,-1.362273,36.747377,1,24
0501BRE,Baraka Estate,-1.298156,36.912689,2,33B
0501BRK,Barracks/75,-1.311577,36.925461,3,33J 33H 33UTW
0501CEM,Cemastea/ Research,-1.353903,36.71309,1,24
0501CHI,Ngei,-1.329335,36.78286,1,34L
0501CHN,Chini Ya Mlima,-1.30218,36.915626,1,33B
0501CIC,Clinic,-1.310195,36.822331,1,14B
0501CIV,Civil Servants,-1.312153,36.819327,1,14B
0501COG,Collingham Gardens/ Mary ward,-1.36086,36.726432,1,24
0501COI,College Of Insurance,-1.32574,36.834027,1,12D
0501CRW,Car Wash,-1.308617,36.915672,1,33B
0501CUE,Courner,-1.325698,36.887213,1,33MKR
0501DAR,Dar-Es-Salaam,-1.305716,36.833025,2,11 11_2
0501DBB,Don Bosco Boys Training Institut,-1.326854,36.711103,1,24
0501DBC,Don Bosco Church,-1.337344,36.727971,1,24BK
0501DME,Dam Estate,-1.322802,36.804624,1,15
0501DSC,Uchumi,-1.30836,36.822272,2,14B 33SB
0501EAR,Kware,-1.396858,36.749501,1,126RK
0501ELD,Elshadai,-1.287591,36.979692,2,33J 33UTW
0501ENE,Engen,-1.174368,36.977566,1,145B
0501ERR,Corner,-1.18755,36.996377,1,145B
0501EXC,Exciting,-1.395455,36.731754,2,126 126RK
0501FAR,Fair Acres Road,-1.33883,36.738152,1,24BK
0501FDE,Fedha Total,-1.31788,36.895899,1,33TP
0501FOR,Forest Road,-1.341346,36.714119,1,24
0501FRC,Friends Court,-1.326735,36.837624,1,12D
0501GMS,GM,-1.329732,36.871029,8,33IMR 33TP 33FED 33MKR 33UTW 110 110ATH 33B
0501GTD,Gate D,-1.308478,36.909562,1,33FED
0501GTH,Githeri Rise/Highway,-1.316523,36.838543,1,11
0501HAZ,Hazina Estate,-1.316042,36.848364,1,11
0501HCC,Maasai Lodge/Hashi,-1.390667,36.766832,2,125 126
0501HLC,Hillcrest,-1.338626,36.736897,1,24BK
0501HLR,Hillcrest Road,-1.338395,36.735315,1,24BK
0501HMA,Hardy Manor,-1.365576,36.737851,1,24
0501HOT,Thogoto Road,-1.311412,36.820625,1,14B
0501IMR,Imara Daima,-1.328466,36.880331,6,33TP 33FED 33UTW 110 110ATH 33B
0501INR,Industrial Area Round About,-1.298248,36.82931,2,11 11_2
0501JKL,Jua Kali,-1.306085,36.915927,1,33B
0501KAD,Kenya Assemblies Of God/Dafam Hotel,-1.325595,36.837018,1,12D
0501KAE,Karen Country Club,-1.3394,36.714824,1,24
0501KBL,Shell Haile Selassie Junction,-1.293388,36.820963,7,33C 11 11_2 33TP 125 126 33B
0501KBX,Karen Blixen,-1.352911,36.713291,1,24
0501KCL,Karen Catholic Church,-1.325946,36.710312,1,24
0501KCR,Karen C Secondary School,-1.339452,36.742755,1,24BK
0501KDO,Kodi I,-1.307668,36.821376,1,14A
0501KDT,Kodi II,-1.307491,36.820207,1,14A
0501KET,Total Karen,-1.339028,36.739687,1,24BK
0501KIL,Kilimani Junior School,-1.364492,36.745067,1,24
0501KIR,PCEA junction,-1.330494,36.78051,1,34L
0501KIS,Kiserian,-1.429062,36.686887,1,126
0501KMC,KMC,-1.452389,36.979964,2,110ATH 110AK
0501KNA,Kenol/Nairobi Academy,-1.340986,36.753532,2,24 24BK
0501KNL,Kenol,-1.3972,36.755415,2,125 126
0501KOD,Kordes Roses,-1.360904,36.727629,1,24
0501KPT,Kapiti Junction,-1.31078,36.83782,1,11
0501KPU,Kenya Polytechnic Bus Stop,-1.292001,36.822352,1,24
0501KRD,Kirdi/Southend Estate,-1.322499,36.831532,1,12C
0501KSG,Kiserian Girls/Kwa Maji,-1.423356,36.696028,2,126 126RK
0501KSN,Kwa Stone,-1.286664,36.973706,2,33J 33UTW
0501KSP,Kspca/Marist Lane,-1.338031,36.732638,1,24BK
0501KSS,Karen South Secondary,-1.339849,36.745486,1,24BK
0501KWG,Kwa Gate A,-1.300485,36.914382,1,33B
0501KWK,Kwa Kanisa,-1.309593,36.914791,1,33B
0501LRJ,Lang'Ata Road Junction/ Go Left,-1.33323,36.716035,1,24
0501LSR,Kwa Kimani/Laiser Hill,-1.39564,36.734614,2,126 126RK
0501MAB,Matbronze,-1.363583,36.747385,1,24
0501MAG,Magharibi/Kogo Star,-1.313644,36.817439,1,14B
0501MAL,Moran Lane/Masai Lane Junction,-1.360892,36.722524,1,24
0501MAS,Masai Road,-1.360855,36.729176,1,24
0501MAU,Marula,-1.33674,36.715753,1,24
0501MBE,Rubia/Maasai Estate,-1.326653,36.789806,1,15
0501MBO,Masai Lane Bogani Lane Junction,-1.355229,36.72318,1,24
0501MBT,Mabati,-1.369525,36.917027,2,110 110ATH
0501MDN,Madina Estate,-1.325505,36.835461,1,12D
0501MIA,Tumaini,-1.279349,36.966902,2,33H 33UTW
0501MIL,Miller Estate,-1.311756,36.820089,1,14B
0501MJN,Mjengo,-1.406255,36.94663,2,110 110ATH
0501MKR,Mukoma Road,-1.372141,36.76862,2,125 126
0501MKS,Madaraka Shopping Centre,-1.306804,36.817642,1,14A
0501MLG,Mlangoni,-1.45005,36.968372,1,110
0501MLK,Mega Link,-1.339635,36.743946,1,24BK
0501MOA,Ramco,-1.328777,36.878046,1,33TP
0501MOE,Moi Educational Centre,-1.313263,36.819043,1,14B
0501MQE,Mosque,-1.311314,36.838391,1,11_2
0501MRG,Maro Gardens,-1.358862,36.762636,2,125 126
0501MSA,Mombasa Road,-1.318342,36.83873,1,11
0501NDG,Ndege Road,-1.336588,36.72236,1,24BK
0501NEK,NEMA,-1.320611,36.837315,2,12C 12D
0501NIB,NIBS/Ongata Rongai,-1.391825,36.76594,2,125 126
0501NKO,Nkoroi White House,-1.404555,36.7175,2,126 126RK
0501NLP,Nalepo,-1.420524,36.703624,2,126 126RK
0501NMD,NHC Flats/Madaraka Primary School,-1.306821,36.816553,1,14A
0501NMJ,Namanga Junction,-1.434982,36.971118,1,110ATH
0501NNL,Nice N Lovely,-1.354464,36.90663,2,110 110ATH
0501NNP,Nairobi National Park Gate,-1.348156,36.764887,2,125 126
0501NPC,Npc Karen,-1.341834,36.759278,2,24 24BK
0501NTN,Nation,-1.372267,36.920297,1,110
0501NYY,Nyayo,-1.30578,36.827057,9,33IMR 33TP 33FED 33MKR 33UTW 110 110ATH 12C 12D
0501OCN,Corner Stop,-1.286318,36.973605,1,33UTW
0501OHA,Maisha Bora,-1.288598,36.977073,1,33UTW
0501OIL,Langata Barracks,-1.332028,36.783493,1,34L
0501OIN,Oilibya/NEMA,-1.319809,36.837822,2,12C 12D
0501OLA,Astrol,-1.290979,36.946893,3,33J 33H 33UTW
0501OLR,Olerai,-1.396351,36.744019,2,126 126RK
0501OLS,Our Lady Secondary,-1.317707,36.847369,1,11
0501ONM,Tyme Arcade/Ongata Mall,-1.397174,36.759599,2,125 126
0501OTT,Toyota,-1.303866,36.826156,1,33TP
0501OUT,Ruiru Road Junction,-1.153641,36.959947,1,145B
0501PCE,Kanisani/PCEA,-1.407454,36.714424,2,126 126RK
0501PRI,OiLibya,-1.327264,36.788986,2,34L
0501PTN,Total Petrol Station/Corner,-1.310517,36.837282,2,11 11_2
0501PVW,Parkview/Winners,-1.320817,36.849409,1,11_2
0501RCK,Redcross,-1.322266,36.833311,1,12C
0501RCR,Red Cross,-1.3237,36.833732,1,12D
0501RET,Corner Stop,-1.286259,36.973549,1,33J
0501RIA,Kariba Estate,-1.311496,36.840821,1,11_2
0501RIM,Rimpa Road,-1.417762,36.70904,2,126 126RK
0501RIV,Vumira/Mariakani,-1.31071,36.835179,1,11
0501RNG,Tumaini/Ongata Rongai,-1.395227,36.763723,2,125 126
0501RNP,Ongata Rongai Police Station/Nyotu,-1.397304,36.756748,2,125 126
0501RRI,Karuri,-1.307942,36.813716,1,14A
0501RTI,Railway Training Institute,-1.313674,36.842114,1,11_2
0501S39,39,-1.438724,36.978432,1,110ATH
0501SBD,South B Dispensary,-1.316795,36.84286,1,11_2
0501SBK,Sabaki,-1.420016,36.954022,2,110 110ATH
0501SDG,Standard Group,-1.331095,36.85985,8,33IMR 33TP 33FED 33MKR 33UTW 110 110ATH 33B
0501SDO,Doshi,-1.329138,36.884837,1,33TP
0501SEL,Shell,-1.321118,36.841106,1,33TP
0501SGC,South Gate Centre,-1.310699,36.836801,2,11 11_2
0501SHM,Shalom,-1.435689,36.966667,1,110
0501SKN,Sokoni/Peponi,-1.448447,36.980415,3,110ATH 110AK
0501SLM,Sulami/Nyambura,-1.457861,36.978554,2,110ATH 110AK
0501SNA,Sana Sana,-1.318756,36.840978,1,11
0501SRI,Sori/Olive,-1.317606,36.83873,1,11
0501STM,St. Mary's Catholic Church/Sironik Road,-1.3963,36.761664,2,125 126
0501STS,Starsheik,-1.456219,36.979792,2,110ATH 110AK
0501SVK,St.Veronica ACK,-1.312392,36.842398,1,11_2
0501SYC,Petma/Mlolongo Chini,-1.396349,36.941417,2,110 110ATH
0501SYJ,Tops/Stage Ya Juu,-1.39112,36.937976,2,110 110ATH
0501TAM,Tamambo,-1.345196,36.714403,1,24
0501TFS,Tuffsteel,-1.337222,36.894932,2,110 110ATH
0501TKS,Tuskys,-1.317235,36.918239,2,33FED 33B
0501TLL,Toll,-1.426369,36.958794,2,110 110ATH
0501TML,Shell/T-Mall,-1.311067,36.817232,6,15 16 24 125 126 33SB
0501TTO,Tolet,-1.325634,36.841825,1,12D
0501UCH,Carnivore/Uchumi Hyper/Dam Estate,-1.322844,36.8045,3,24 125 126
0501UMI,Quickmart,-1.16729,36.964472,1,145B
0501UTJ,Utawala Junction/Benedicta,-1.278777,36.967821,1,33H
0501VIL,Embakasi Village,-1.312093,36.914539,2,33FED 33B
0501VLG,Village,-1.453628,36.967694,2,110 110AK
0501VNL,Vanillas,-1.452073,36.968141,2,110 110AK
0501VOD,Avocado,-1.360434,36.762737,1,125
0501WCK,Wildlife Clubs of Kenya,-1.338283,36.773509,3,24 125 126
0501WEB,Nairobi West,-1.307314,36.823699,2,14A 14B
0501WIL,Wilson/AMREF,-1.316686,36.81349,4,15 24 125 126
0501WMN,Nairobi Women's Hospital/Fairmart,-1.396517,36.746185,2,126 126RK
0501ZZL,Mazzoldi House,-1.336395,36.719753,1,24BK
0502AMB,Kencom/Ambassadeur,-1.2854,36.825803,4,33UTW 046P
0502BMA,Bomas/Galleria,-1.342349,36.764336,2,24BK 24C
0502DVK,Devki,-1.44408,36.989379,3,110ATH 110AK
0503CNA,Container/New Apostolic Church,-1.322103,36.82881,2,12C 12D
0503HRS,Highrise,-1.314701,36.808046,3,16 34L 24C
0503KNK,Karen/Nakumatt Crossroads,-1.323235,36.708025,1,24
0503KRL,Karen Road-Lang'Ata Road Junction,-1.333069,36.716051,2,24BK
0503MZW,St. Bakhita,-1.324738,36.888914,1,33MKR
0503PEV,Posta Embakasi Village,-1.308323,36.911462,2,33FED
0503STS,Strathmore/Siwaka,-1.308703,36.812353,1,14A
0503TMO,T-Mall,-1.31299,36.816671,1,14B
0510AAD,Madharau Stage,-1.389354,36.936314,1,110
0510AAF,Nairobi Area Traffic Police Headquarters,-1.297009,36.806938,1,16
0510AAN,Langata High School,-1.324823,36.780016,1,15
0510AAU,Utawala,-1.284027,36.988955,1,33UTW
0510ABO,Maboko Road,-1.329928,36.781712,1,15
0510ADP,AP,-1.285025,36.956587,3,33J 33H 33UTW
0510AEM,Eka Hotel/Nextgen mall,-1.323362,36.844068,1,110ATH
0510AGP,Agip,-1.291822,36.822358,20,33C 15 16 24 33IMR 33MKR 110 110ATH 125 126 12D 14A 14B 33B 56 2 8 33NG 102 111
0510AGR,Garage,-1.329485,36.780156,1,15
0510AIH,Harakisha,-1.31408,36.838253,1,11
0510AIM,Imara,-1.329202,36.878303,1,110ATH
0510AIR,Makaburini,-1.298189,36.823415,3,15 125 33B
0510AIW,Maziwa,-1.323268,36.885205,1,33MKR
0510ALM,Langata Road Primary,-1.317244,36.812782,1,24
0510AMN,Amani,-1.280986,36.963754,3,33J 33H 33UTW
0510AMR,AMREF,-1.319035,36.810749,3,125 126 24C
0510ANI,China,-1.293013,36.944125,3,33J 33H 33UTW
0510AOC,Nacico,-1.28758,36.837164,1,11_2
0510ARA,Makadara,-1.457325,36.974605,1,110ATH
0510ARK,Ark Junction,-1.309252,36.833673,1,11_2
0510ATL,Airtel,-1.325961,36.848499,6,33IMR 33MKR 33UTW 110 110ATH 33B
0510ATN,Utawala Junction/Benedicta,-1.278856,36.96797,1,33J
0510AVT,Aviation,-1.319394,36.907426,3,33J 33H 33UTW
0510BAL,Lab,-1.330553,36.867896,1,33UTW
0510BEI,Bellevue,-1.319647,36.837974,1,33FED
0510BKM,Mukoma Road,-1.371589,36.768246,2,125 126
0510BLV,Belleview,-1.319454,36.837609,6,33IMR 33MKR 33UTW 110 110ATH 33B
0510BRC,Langata Barracks,-1.331629,36.783604,3,125 126 24C
0510BRK,Barracks/75 Rounda,-1.313313,36.923192,3,33J 33H 33UTW
0510CAN,Carnivore/Rafikiz,-1.323061,36.802046,4,125 126 34L 24C
0510CAO,Avocado,-1.360327,36.762629,2,125 126
0510CFI,Kwa Chief,-1.326492,36.780338,1,15
0510CNG,Car & General,-1.303541,36.831838,2,11 11_2
0510CRH,Church,-1.327543,36.780059,1,15
0510CUN,South C shopping centre,-1.313027,36.830072,1,33FED
0510DOT,DT Dobie,-1.299521,36.836818,1,11
0510DUS,Industrial Area,-1.300197,36.835673,1,11_2
0510DVM,Madaraka Flyover,-1.307974,36.819026,1,15
0510E4E,Uhuru Gardens Gate 1,-1.323917,36.789973,1,15
0510EAR,Kware,-1.396594,36.749589,1,125
0510EAZ,Keza,-1.286044,36.954693,2,33H 33UTW
0510EGL,Bomas/Galleria,-1.344484,36.766015,2,125 126
0510EKI,Kwa Chief,-1.282916,36.960025,2,33J 33H
0510EMG,Uchumi/Mugumoini Market,-1.32558,36.785381,1,15
0510EON,Otiende,-1.323627,36.779984,1,15
0510EPN,Pipeline,-1.316541,36.895193,1,33TP
0510EPR,St. Peter's,-1.327597,36.785091,1,15
0510EPZ,Epz,-1.467201,36.961268,2,110 110AK
0510ERE,Everest,-1.437603,36.976161,1,110ATH
0510ETG,Eternity Gospel Church,-1.329351,36.71327,1,24C
0510FGT,Mbagathi Flats,-1.3007,36.802644,1,16
0510FHI,NHIF,-1.294992,36.813348,1,16
0510GAH,High Way,-1.316005,36.838349,1,11
0510GIE,Stage Ya Chini,-1.394398,36.939849,1,110
0510GMS,GM,-1.330258,36.870627,6,33IMR 33MKR 33UTW 110 110ATH 33B
0510GSU,GSU,-1.289601,36.949425,3,33J 33H 33UTW
0510HAS,Elshadai,-1.287606,36.979616,2,33J 33UTW
0510HDY,Hardy Stage,-1.365382,36.742464,1,24C
0510HEL,Shell,-1.3113,36.816849,1,14B
0510HLC,Hillcrest,-1.33809,36.73392,1,24BK
0510HQS,HQ,-1.324143,36.797008,3,125 126 24C
0510IAA,Imara,-1.328708,36.880846,2,110 33B
0510IAR,Vumira,-1.31307,36.838279,1,11
0510IAV,Ravaria,-1.449665,36.979777,1,110ATH
0510IBE,Benedicta,-1.278942,36.967975,1,33UTW
0510IBR,Makaburini,-1.29768,36.82312,1,33FED
0510IDD,DT Dobie,-1.29936,36.837008,1,11_2
0510IIH,Highrise,-1.314615,36.807882,1,16
0510ITI,Tumaini,-1.279564,36.966655,1,33H
0510IWT,Twiga,-1.342655,36.76498,1,24
0510/JA,Rounda/Taj,-1.323649,36.899632,1,33TP
0510JAS,St James,-1.323178,36.843832,1,110
0510JNT,Junction,-1.313843,36.838287,1,11
0510KAB,Makaburini,-1.298146,36.823339,9,33IMR 33MKR 33UTW 110 110ATH 126 12C 14A 14B
0510KAL,Jua Kali,-1.288818,36.839615,1,11_2
0510KAO,AOSK,-1.355127,36.72192,1,24
0510KAS,Deliverance Church Langata/Kanisani,-1.323677,36.798897,4,125 126 34L 24C
0510KBL,Kobil,-1.327956,36.893839,1,33FED
0510KEF,Kenyatta Market Flyover,-1.306232,36.803278,1,16
0510KFA,Rafikiz/Carnivore,-1.322994,36.802,1,15
0510KIT,Kitengela,-1.47715,36.957852,1,110
0510KJC,Kareng'ata/Jkuat/Cuea,-1.353708,36.74708,1,24C
0510KNH,Karen Hospital,-1.33695,36.72591,1,24BK
0510KOB,Kobil,-1.395972,36.762187,2,125 126
0510KPT,Kapiti Crescent,-1.313471,36.83826,1,11_2
0510KSM,Kiserain Nairobi Bus Stop,-1.429533,36.685794,1,126RK
0510KWR,Kware,-1.396708,36.74965,1,126
0510LEN,Mihang'o/ Kayole Junction,-1.287878,36.952021,1,33H
0510LEO,Arka Hotel,-1.326969,36.842257,1,12D
0510LGP,Langata Road Primary School,-1.317562,36.812316,3,125 126 34L
0510LGT,Langata Hospital/Mobil,-1.328715,36.788743,3,125 126 24C
0510LIV,Civil Servant,-1.322705,36.788836,1,15
0510LKO,Kenol,-1.397182,36.755562,1,126
0510LOO,Mlolongo,-1.400073,36.943057,1,110
0510LTA,Total,-1.301601,36.83284,1,11_2
0510LTL,T-Mall,-1.311257,36.816816,1,15
0510LTO,Total,-1.274092,36.973039,1,33H
0510LTY,OiLibya,-1.327221,36.788878,1,15
0510MAR,Transamii,-1.325601,36.897685,1,33FED
0510MAS,Mass,-1.312416,36.838312,1,11
0510MAY,Tmall,-1.312957,36.816693,1,14B
0510MBL,Boby Meal,-1.331626,36.860762,1,110
0510MCU,Mchumbi Road,-1.311661,36.838182,1,11_2
0510MDA,Makadara,-1.456418,36.974466,1,110AK
0510MEF,AMREF,-1.319025,36.810808,1,15
0510MES,Times Tower,-1.291001,36.823812,1,33FED
0510MFL,Madaraka Flyover,-1.307931,36.819123,3,125 126 14B
0510MOB,Bobmill,-1.331572,36.859946,3,33FED 33UTW 110ATH
0510MSA,Mombasa Road,-1.318227,36.838593,2,11 11_2
0510MSL,Maasai Lodge,-1.390371,36.766927,2,125 126
0510MTK,KMTC,-1.447044,36.985602,1,110ATH
0510MY.,St.Marys,-1.327782,36.712103,1,24BK
0510NAE,Langata Cemetary,-1.334341,36.778885,2,125 126
0510NAH,Lang'ata Hospital,-1.327929,36.789136,1,15
0510NIY,Nice and Lovely,-1.34954,36.904492,1,110
0510NRA,Rumi Road,-1.31602,36.827036,1,12C
0510NSA,South C Shopping Centre,-1.314186,36.830828,1,33MKR
0510NSB,Agribusiness Centre,-1.365566,36.736098,1,24
0510NSS,Sunshine,-1.320398,36.809435,1,15
0510NST,Naston,-1.397324,36.758091,2,125 126
0510NTO,Mihang'o/Kayole Junction,-1.288104,36.951774,2,33J 33UTW
0510NYS,Nyayo Stadium,-1.305292,36.824734,5,15 125 126 14A 14B
0510OAI,Mlangoni,-1.31089,36.83785,1,11
0510OAL,Loreal,-1.348939,36.903977,1,110ATH
0510OCU,South C,-1.299697,36.824026,1,110
0510ONI,Kihunguro,-1.160084,36.958971,1,145B
0510PKP,Park Place,-1.356103,36.76206,2,125 126
0510PSA,Bypass,-1.164198,36.957622,1,145B
0510RAN,Karen,-1.322203,36.708155,1,24BK
0510RAO,Krona Park,-1.335378,36.891773,1,33UTW
0510RBT,Taj Mall,-1.324459,36.89945,3,33J 33H 33UTW
0510RGS,SGR,-1.352341,36.905796,1,110
0510RIS,Sori Drive,-1.317072,36.838628,1,11
0510RKC,Rocky,-1.457883,36.977137,1,110ATH
0510RQA,Quarry Lane,-1.354516,36.717403,1,24
0510RUN,Standard Group,-1.331246,36.85838,1,110ATH
0510SAB,Simba Colt,-1.329399,36.854319,1,33FED
0510SBR,Sembe Road/Kisembe,-1.36835,36.767615,2,125 126
0510SCA,Cabanas,-1.335853,36.893222,4,33FED 33J 33UTW 33B
0510SEA,nyambura stage,-1.457325,36.979356,1,110AK
0510SEM,Mosque,-1.323273,36.777227,1,15
0510SHL,Shell,-1.447511,36.968263,1,110
0510SJT,St. James,-1.32301,36.843494,1,33FED
0510SKN,Sokoni,-1.448606,36.980339,1,110ATH
0510SKY,Skyline/Capital Mall,-1.284274,36.972749,2,33J 33UTW
0510SLL,Shell,-1.397084,36.755098,1,125
0510SLN,Solomon,-1.397388,36.941571,1,110
0510SMC,South B Mchumbi Road,-1.311709,36.836589,1,11_2
0510SMF,Transformer,-1.28731,36.980477,1,33UTW
0510SMP,St.Marys Karen Primary School,-1.325292,36.709829,1,24C
0510SNS,Southlands,-1.323091,36.786851,1,15
0510SOL,School Of Law,-1.359739,36.746976,1,24C
0510SOO,Soronik Road,-1.397159,36.759849,1,126RK
0510SR',St.Mary's,-1.321825,36.77448,1,15
0510SSI,Prisons,-1.323102,36.776744,1,15
0510STY,Tuskys,-1.335035,36.891274,1,110ATH
0510SYC,Stage  Ya Chini,-1.394409,36.939828,1,110ATH
0510TAT,Talent,-1.3244,36.785799,1,15
0510TCK,KMTC,-1.446762,36.986203,1,110AK
0510TEI,Airtel,-1.326326,36.849105,1,33FED
0510TEN,Kwa Stone,-1.28631,36.973586,2,33J 33UTW
0510TIL,Capital Center,-1.316839,36.833339,1,110ATH
0510TIM,City Stadium,-1.293978,36.840565,1,11
0510TKY,Tuskys,-1.396991,36.753334,2,125 126
0510TLA,Liberty Plaza,-1.328831,36.881576,1,33UTW
0510TML,Blue Sky/T-Mall,-1.311276,36.816904,2,125 126
0510TNZ,Tangaza College,-1.348748,36.748684,1,24C
0510TRP,Shopping Center,-1.315248,36.823415,1,12C
0510TSK,Tuskys,-1.317696,36.918819,3,33J 33H 33UTW
0510TSO,South C,-1.31417,36.830689,1,33UTW
0510TUM,City Stadium,-1.293625,36.840688,1,11_2
0510TUO,Country Bus,-1.286699,36.835286,1,11
0510U2E,Uhuru Gardens Gate 2,-1.32573,36.79052,1,15
0510UAE,Deliverance Church,-1.323649,36.800079,1,24
0510UHO,South C,-1.31873,36.836418,1,110ATH
0510UHU,HQ,-1.324282,36.796732,1,15
0510UJC,PCEA Junction,-1.330515,36.780456,1,15
0510URD,Uhuru Garden,-1.324115,36.798395,1,24
0510UTJ,Utawala Junction,-1.278878,36.96793,1,33H
0510VCT,Mary Immaculate VCT Centre,-1.306512,36.833055,2,11 11_2
0510VNL,Vanillas,-1.451751,36.968055,2,110 110AK
0510VRA,Deliverance Church/Kanisani,-1.323638,36.798921,1,15
0510WIL,Weston,-1.316117,36.8137,3,125 34L 24C
0510WOL,Wilson,-1.316106,36.813662,1,15
0510YAN,Fancy,-1.275294,36.971923,1,33H
0510Z0A,Plaza 2000,-1.328021,36.85235,1,110
0511AA.,AA,-1.324688,36.886064,1,33MKR
0511ABC,Barracks,-1.329571,36.782387,1,15
0511ABS,Baptist,-1.395714,36.735535,1,126RK
0511ACG,Gate C,-1.318907,36.843823,1,11
0511ADP,AP,-1.284949,36.956518,3,33J 33H 33UTW
0511AGI,Skyline/Capital Mall,-1.284199,36.972728,1,33UTW
0511AIM,Makaburini,-1.299466,36.825169,1,11_2
0511AKI,Kincar,-1.289429,36.974798,1,33UTW
0511AKR,Airtel/Parkside,-1.325919,36.849362,1,33TP
0511ALB,Lab,-1.330142,36.868014,1,110
0511ALM,Total,-1.395886,36.737659,1,126RK
0511ALP,Allpack,-1.382828,36.931458,2,110 110ATH
0511ANA,Langata Hospital,-1.328927,36.78898,1,125
0511AOT,Total,-1.273599,36.973382,1,33H
0511ARA,Nakumatt Headquater,-1.327678,36.852865,1,110
0511ARE,Airbase,-1.315484,36.921637,1,33UTW
0511ARI,Merrystart Academy,-1.28488,36.986758,1,33UTW
0511ASM,Mass,-1.310484,36.833795,1,11
0511ASP,Bypass,-1.318683,36.844387,1,11_2
0511ASS,MossMass,-1.286813,36.981866,1,33UTW
0511ATI,Aviation,-1.319153,36.907539,1,33H
0511ATL,Shimo la Tewa,-1.308575,36.828339,1,33TP
0511BAL,Lab,-1.330553,36.865042,1,33TP
0511BAN,Cabanas,-1.33581,36.893176,2,33J 110
0511BLV,Belleview,-1.319615,36.838612,10,33IMR 33TP 33FED 33MKR 33UTW 110 110ATH 12C 12D 33B
0511BND,Utawala Junction/Benedicta,-1.278746,36.96798,2,33J 33UTW
0511BPS,By Pass,-1.264211,36.982824,2,33H
0511BRK,Langata Barracks,-1.332264,36.782929,3,24 125 126
0511CAB,Cabanas,-1.335847,36.892326,1,33H
0511CAN,Fancy,-1.275219,36.971789,1,33H
0511CAT,Cuea | Catholic University,-1.341544,36.757395,2,24 24BK
0511CEH,Kwa Chief,-1.326752,36.780252,1,15
0511CHN,China,-1.29351,36.943505,3,33J 33H 33UTW
0511CKC,Kenchic,-1.411743,36.949811,1,110ATH
0511CNG,Car & General,-1.303313,36.831886,2,11 11_2
0511CNL,Consolata,-1.346726,36.765447,1,125
0511COM,Samco,-1.364048,36.910892,1,110
0511CPC,Capital Centre,-1.316729,36.833929,10,33IMR 33TP 33FED 33MKR 33UTW 110 110ATH 12C 12D 33B
0511CUE,CUEA/Bogani Road,-1.352203,36.762892,2,125 126
0511DNI,Bandari,-1.325977,36.840323,1,12D
0511DRE,Cambridge,-1.363512,36.765243,1,125
0511EAG,Gate A,-1.319321,36.843266,1,11
0511EBK,KEBS,-1.321606,36.836182,1,12C
0511ECC,Commercial,-1.47191,36.959853,1,110
0511EJS,Jehova Witness,-1.32587,36.841975,1,12D
0511EKA,Arka hotel,-1.326953,36.842389,1,12D
0511EOI,Triple-O,-1.272569,36.974927,1,33H
0511EPZ,EPZ,-1.469175,36.960858,2,110 110AK
0511ERS,Transformer,-1.287271,36.980412,1,33UTW
0511ERY,Madaraka Flyover,-1.307974,36.819346,1,15
0511ESA,Park Estate,-1.322426,36.787462,1,15
0511GBE,Kwa Gate B,-1.299441,36.913695,1,33B
0511GEA,St. James,-1.321884,36.84256,1,33UTW
0511GOH,Kahungo,-1.422644,36.698155,1,126RK
0511GSU,GSU,-1.289458,36.949353,3,33J 33H 33UTW
0511GTA,Gate A,-1.31256,36.909543,1,33FED
0511HIR,Harakisha,-1.312206,36.838317,1,11
0511HOS,Soham,-1.374088,36.922352,1,110
0511HSL,Shell,-1.281635,36.961994,1,33H
0511HYG,Highway Estate,-1.326412,36.839658,1,12D
0511IAA,Kasina,-1.401554,36.944404,1,110
0511IAK,Kasina,-1.401159,36.943948,1,110ATH
0511IEB,Sembe/Kisembe,-1.368466,36.767721,1,125
0511IFC,Government Plaza/Devis,-1.30917,36.828634,10,33IMR 33TP 33FED 33MKR 33UTW 110 110ATH 12C 12D 33B
0511IIK,Kipi,-1.322304,36.832698,1,12C
0511IIV,Civil Servant,-1.322683,36.788782,1,15
0511ILI,Pipeline,-1.316594,36.895121,1,33TP
0511IND,Industrial Area/Bazaar,-1.298461,36.828025,2,11 11_2
0511INR,Kincar,-1.289432,36.974916,1,33J
0511ISP,Prisons,-1.323147,36.776562,1,15
0511ITT,Utawala,-1.284081,36.988955,1,33UTW
0511IUF,Kifaru,-1.286023,36.983687,1,33UTW
0511IUG,Kihunguro,-1.160595,36.958228,1,145B
0511KAJ,Karengata/Cuea/Jkuat Stage,-1.353995,36.746983,1,24
0511KAP,Kapa,-1.363709,36.910514,2,110 110ATH
0511KCF,Kwa Chief,-1.282876,36.959833,3,33J 33H 33UTW
0511KCT,KMTC,-1.446615,36.986375,1,110ATH
0511KNE,Karen,-1.322203,36.707897,1,24BK
0511KNH,Karen Hospital,-1.337017,36.725589,1,24BK
0511KOB,Kobil/KCB,-1.395939,36.762455,2,125 126
0511KSB,KEBS,-1.322615,36.833567,1,12D
0511KTM,KMTC,-1.445335,36.988167,1,110AK
0511KZE,Keza,-1.285872,36.955111,3,33J 33H 33UTW
0511LEM,Mechanical,-1.376173,36.924731,1,110
0511LER,Real Estate,-1.32544,36.841139,1,12D
0511LGT,Lang'ata,-1.328457,36.789744,2,15 24
0511LLM,Taj Mall,-1.323676,36.899611,1,33TP
0511LNA,Langata Hospital,-1.327795,36.78912,1,15
0511LSN,Southlands,-1.323123,36.78684,1,15
0511LTI,OiLibya,-1.327372,36.7889,1,15
0511LUP,Tulip,-1.330625,36.864654,1,33MKR
0511LVU,Mvuli,-1.306327,36.823694,1,14B
0511MAD,Madaraka Flyover,-1.307963,36.819375,4,16 24 125 126
0511MAK,Makueni,-1.308527,36.833775,1,11_2
0511MAM,Mamba,-1.341175,36.750551,1,24
0511MAT,Mater Hospital,-1.307218,36.833505,2,11 11_2
0511MCH,Dunga Road/Machakos,-1.299774,36.830073,2,11 11_2
0511MCU,Mchumbi Road/Shopping Centre,-1.311767,36.838333,1,11
0511MDK,Makadara,-1.456905,36.974657,1,110AK
0511MDO,Motherland,-1.299981,36.780918,1,24
0511MER,Meridian,-1.310739,36.834026,1,11_2
0511MHG,Mihang'o/Kayole Junction,-1.287924,36.951816,3,33J 33H 33UTW
0511MLL,Mlolongo,-1.393566,36.939562,2,110 110ATH
0511MMU,Multimedia University,-1.381962,36.770612,2,125 126
0511MSH,St. James/Southern Bypass,-1.323661,36.84557,1,33TP
0511MSL,Uchumi/Maasai Mall/Ongata Rongai,-1.394366,36.764355,2,125 126
0511MTA,Vita Foam,-1.330486,36.857715,1,110
0511MTE,Home mart,-1.283158,36.959432,1,33H
0511NAA,Nakumatt HQ,-1.328568,36.853895,1,33TP
0511NAB,Makaburini,-1.299548,36.824715,1,11
0511NAC,Karen Office Park,-1.326138,36.710376,1,24BK
0511NAV,Savana,-1.457748,36.965647,1,110
0511NBK,Nyayo Barracks,-1.312685,36.923157,1,33UTW
0511NGI,Ngei,-1.324778,36.785574,1,15
0511NIS,Master Mind,-1.323625,36.884094,1,33MKR
0511NOG,Mlangoni,-1.30836,36.833746,1,11
0511NOI,Vision Plaza,-1.327672,36.852458,2,33MKR 110
0511NTN,Nation,-1.373004,36.92116,1,110ATH
0511NYS,Nyayo Stadium,-1.30556,36.825464,6,15 16 125 126 14A 14B
0511NYY,Nyayo,-1.30579,36.827136,1,33B
0511OAM,Vita Foam,-1.330635,36.857527,1,33TP
0511OED,Otiende,-1.323423,36.779823,1,15
0511OFM,Nafrom,-1.397388,36.757851,1,125
0511OMT,Tafom,-1.429424,36.962042,1,110
0511OPR,Nairobi National Park/Orphanage/Cemetary,-1.334935,36.778332,3,24 125 126
0511OST,Astro,-1.366473,36.913633,1,110
0511OTI,Uchumi,-1.325505,36.785327,2,15 34L
0511OTN,Langata Hospital,-1.329131,36.788707,1,126
0511PHC,Chapchap,-1.396275,36.741199,1,126RK
0511PJC,PCEA Junction,-1.330612,36.780365,1,15
0511PLV,Plains View Primary,-1.315158,36.838304,1,11
0511PNR,Panari,-1.32963,36.855676,8,33IMR 33TP 33FED 33MKR 33UTW 110 110ATH 33B
0511PST,Park Side Towers/Airtel,-1.325671,36.849089,7,33IMR 33FED 33MKR 33UTW 110 110ATH 33B
0511PTU,SuperMarket,-1.286999,36.981381,1,33UTW
0511RAA,Barabara Mpya,-1.401454,36.721952,1,126RK
0511RAH,Jaharis,-1.325456,36.887539,1,33MKR
0511RCN,Reliance,-1.356345,36.907282,1,110
0511RDA,Roundabout: Taj Mall,-1.323091,36.900839,2,33H 33UTW
0511RHR,Uhuru Gardens,-1.32392,36.799307,2,125 126
0511RNE,Uhuru Gardens Gate 2,-1.325483,36.790552,1,15
0511SE.,St. Peters,-1.327651,36.785038,1,15
0511SHL,Shell/Kenol,-1.447176,36.96833,1,110
0511SIT,St. Bakhita,-1.324687,36.888954,1,33MKR
0511SMR,Sameer,-1.330032,36.868765,8,33IMR 33TP 33FED 33MKR 33UTW 110 110ATH 33B
0511SNA,Vision Plaza,-1.327254,36.851696,1,33TP
0511SNP,Spinners,-1.319207,36.896762,1,33TP
0511SOL,Kenya School Of Law,-1.360076,36.747079,1,24
0511SPM,Shopping Mall,-1.287374,36.973999,3,33J 33UTW
0511SPS,Bypass,-1.318612,36.844392,1,11
0511SRG,SGR,-1.360159,36.908247,1,110ATH
0511SST,St. James,-1.321777,36.842512,1,110
0511STA,St. Peters,-1.327597,36.785048,1,34L
0511SUP,7Up,-1.307411,36.814912,1,14A
0511SUY,Tuskys,-1.397186,36.754216,1,126RK
0511SYK,Syokimau,-1.379047,36.927758,2,110 110ATH
0511TAN,Tangaza College,-1.348801,36.748751,1,24
0511TAY,St.Mary's,-1.321774,36.774244,1,15
0511TCU,Boma Court,-1.326256,36.842147,1,12D
0511/TE,Southfield Mall/Nakumatt,-1.329249,36.891189,1,33TP
0511T.E,St. James,-1.322464,36.843656,2,33MKR 33B
0511TEV,Everest,-1.437431,36.975474,1,110ATH
0511TGG,Uhuru Gardens Gate 1,-1.323606,36.789833,1,15
0511THC,South C,-1.314154,36.831,1,33UTW
0511TIA,Aviation,-1.31933,36.907196,2,33J 33UTW
0511TLL,Toll,-1.427261,36.959651,1,110ATH
0511TOJ,Junction,-1.311337,36.83829,1,11
0511TOL,Linot,-1.373487,36.921744,1,110
0511TOP,Park Place,-1.355979,36.762093,2,125 126
0511TSH,Tosha,-1.470376,36.960409,2,110 110AK
0511TSK,Tuskys,-1.317415,36.919041,1,33UTW
0511TUS,Legend/Tuskys,-1.397014,36.753156,2,125 126
0511TYK,Tuskys,-1.31769,36.918783,1,33J
0511UCC,Ucc,-1.276622,36.970368,1,33H
0511UCH,Carnivore/Rafikiz,-1.323311,36.801935,2,15 34L
0511UHU,Uhuru Garden,-1.323638,36.800326,2,15 34L
0511UNG,Sunflag,-1.358405,36.907625,1,110
0511USO,Mosque,-1.323233,36.778622,1,15
0511UYT,Tuskys,-1.317756,36.918343,1,33H
0511VHO,Vumira House,-1.310731,36.83527,1,11_2
0511VOE,Flyover,-1.314092,36.831021,1,12C
0511WAM,Maziwa,-1.323256,36.885195,1,33MKR
0511WEP,PCEA Utawala,-1.280165,36.968973,1,33UTW
0511WIL,Wilson/AMREF,-1.316664,36.813517,1,34L
0511WKN,Kwa Kimani,-1.395564,36.733711,1,126RK
0511YRA,Barclays,-1.397409,36.758945,1,125
0511YSA,Easymat,-1.473498,36.959574,1,110
0512ADU,Ambassadeur,-1.286119,36.826032,5,34B 24 24C
0512BST,Bus Station,-1.287224,36.828908,17,11 11_2 15 16 33MKR 12C 12D 14A 14B
0512CMC,Commercial,-1.283947,36.826437,4,33GTB 33C 33TP 33FED
0512CML,Commercial,-1.284188,36.826204,8,33GTB 33C 33IMR 33TP 33FED 33B
0512EAS,Easy Coach/Uchumi,-1.288854,36.828734,4,110 110ATH
0512NKG,Nakumatt Galleria,-1.342553,36.764336,2,24 24BK
0513CAB,Cabanas,-1.330537,36.887664,3,33TP 33FED 110ATH
0513GTR,Githunguri,-1.286566,36.982478,4,33J 33UTW
0513HOS,HQ,-1.324003,36.797354,1,34L
0513IMD,Imara Daima,-1.3252,36.880808,3,33IMR 33MKR
0513KIT,Kitengela,-1.477218,36.958032,3,110 110AK
0513KWR,Kware,-1.396616,36.74982,2,125 126
0513MDK,Makadara,-1.457376,36.974221,1,110ATH
0513TER,Kiserian Terminus,-1.429574,36.685753,1,126RK
0600AMB,Amboseli Road,-1.289579,36.760018,3,46K 56 48K
0600AOV,Vanga Road,-1.289788,36.764779,2,46K 56
0600ARC,Valley Arcade,-1.289983,36.770481,2,46K 56
0600ATS,Coast,-1.288254,36.750609,1,46K
0600BRB,Braeburn School,-1.289429,36.755678,3,46K 56 48K
0600CHK,Chaka Place,-1.293187,36.791745,5,46K 46Y 56 5 4W
0600CHO,Sohail City,-1.28951,36.757113,1,56
0600CNG,Congo,-1.289149,36.753075,1,56
0600COP,Congo,-1.289252,36.753141,2,46K 48K
0600DON,Wood Avenue,-1.292251,36.785561,1,56
0600HGH,Highrise,-1.314678,36.808044,1,33SB
0600KIL,Kilimani Primary School,-1.292339,36.783916,2,46K 56
0600KIR,Kirichwa Road,-1.292466,36.781499,2,46K 56
0600KNG,Kanungaga,-1.278535,36.75095,1,56
0600MBA,Mbagathi Flats,-1.301077,36.802553,3,33NG 34L 24C
0600MIE,Methodist,-1.289971,36.774668,1,46K
0600MON,Montessouri,-1.292747,36.774682,2,46K 56
0600MOS,Mosque,-1.303038,36.802441,3,33NG 34L 24C
0600NGM,Ngumo Stage,-1.307734,36.802924,1,33SB
0600NSO,Lavington Villas,-1.289778,36.765178,1,46K
0600OLM,Our Lady Of Mercy,-1.311649,36.833684,1,33SB
0600OTH,Othaya Road,-1.290063,36.772991,2,46K 56
0600RUS,Rusinga School,-1.289355,36.754621,3,46K 56 48K
0600SAA,Bangladesh,-1.291924,36.774555,1,46K
0600SFK,St.Francis/Kanisani,-1.287132,36.75343,1,56
0600STH,Blue Sky Estate,-1.312849,36.815248,1,33SB
0600TOI,Methodist,-1.290244,36.774757,1,56
0600VRP,Valley Road Pentecostal,-1.292267,36.805159,5,46K 46Y 56 5 4W
0600YAY,Yaya,-1.292396,36.788124,3,46K 56 5
0600ZEB,Zebra Bar,-1.282279,36.752452,1,56
0601AMB,Amboseli Road,-1.28966,36.759857,3,46K 56 48K
0601ARB,Britam,-1.298044,36.813622,1,7C
0601ARC,Valley Arcade,-1.2901,36.770146,2,46K 56
0601AYO,Sohail City,-1.289563,36.756992,2,46K 56
0601BRB,Braeburn School,-1.289476,36.755692,3,46K 56 48K
0601CNG,Congo,-1.289143,36.753033,1,56
0601COA,Coast,-1.28824,36.750481,1,46K
0601CTU,Equity Centre,-1.302486,36.812208,1,7C
0601DRO,Raddison,-1.301665,36.817181,1,7C
0601ENL,Meladen,-1.296419,36.811055,1,7C
0601FLY,Kenyatta Market Flyover,-1.306358,36.803224,3,33NG 34L 24C
0601GEE,Elgeyo,-1.292717,36.778638,1,56
0601HDH,Huduma Church/Hotel 56,-1.287819,36.753322,1,56
0601HIG,Mbagathi Highway,-1.311264,36.800064,1,33NG
0601HTD,Methodist,-1.290303,36.774392,1,56
0601INT,Integrity Centre/Panafric,-1.289765,36.810258,4,46K 46Y 56 5
0601IRN,Rusinga School,-1.289445,36.754833,2,46K 56
0601KIR,Kirichwa Road,-1.292557,36.78154,2,46K 56
0601KON,Congo,-1.289283,36.753228,2,46K 48K
0601MGA,Geomaps,-1.303055,36.813421,1,7C
0601MON,Montessori,-1.292921,36.774759,2,46K 56
0601NAT,NTSA,-1.301343,36.81982,1,7C
0601NEU,Wood Avenue,-1.29232,36.786059,1,56
0601OLL,Old Mutual,-1.29862,36.813096,1,32A
0601PCE,PCEA Junior,-1.311597,36.80081,1,33NG
0601QUA,Four Points/Nairobi Women's Hospital,-1.294109,36.795529,5,46K 46Y 56 5 046P
0601SFK,St.Francis/Kanisani,-1.2871,36.753376,1,56
0601THT,Methodist,-1.290454,36.774749,1,46K
0601THY,Othaya Road,-1.290228,36.773458,2,46K 56
0601TWZ,Twinkling Stars School/Zebra Bar,-1.282386,36.752367,1,56
0601WAR,Warrior/California,-1.284821,36.753194,1,56
0602STP,St. Peter Clavers Primary School/Salvation Army/OTC,-1.287135,36.830235,2,33NG
0603COP,Co-Op Bank,-1.287534,36.748843,1,46K
0603KNG,Kanungaga,-1.278492,36.750875,1,56
0603STB,South B Stage,-1.311586,36.835363,1,33SB
0603YAY,Yaya,-1.292363,36.787607,3,46Y 56
0610GEE,Egeyo,-1.292515,36.778665,1,56
0610GOP,GPO,-1.285926,36.818372,9,33UTW 46K 46Y 7C 5 32A 4W 24C 046P
0610GPO,ICEA,-1.284526,36.820979,3,46Y 7C 32A
0610HUL,Hurlingham,-1.294756,36.798373,6,46K 46Y 56 5 4W 046P
0610IAY,Quality,-1.293802,36.794887,1,56
0610INM,ICEA,-1.284746,36.820636,2,46K 5
0610KSS,Kismart Supermarket,-1.286478,36.753424,1,56
0610MHS,Memorial Hospital,-1.31107,36.805647,1,33SB
0610MKF,Mkombozi/Fraemy Supermarket,-1.280916,36.751862,1,56
0610NWH,Four Points/Nairobi Women's Hospital,-1.293984,36.795456,5,46K 46Y 56 5 4W
0610PNF,Integrity Centre/Panafric,-1.289358,36.810835,6,46K 46Y 56 5 4W 046P
0610RMX,Remax Shopping Village,-1.293373,36.792853,3,46Y 56 5
0610SER,Serena,-1.288244,36.813764,7,46K 46Y 7C 5 32A 4W 24C
0610SHP,South B Shopping Centre,-1.313469,36.827745,1,33SB
0610SOK,Sokoni,-1.286322,36.745633,1,46K
0610VAJ,Java,-1.298967,36.810838,1,7C
0611BKS,TSC,-1.29952,36.815701,1,7C
0611CKA,Chaka Place,-1.29319,36.791325,5,46K 46Y 56 5 046P
0611COM,Community,-1.292303,36.812936,3,56 7C 32A
0611DOD,DoD,-1.295384,36.801029,6,46K 46Y 56 5 046P
0611GPO,GPO,-1.28598,36.818941,7,46K 46Y 7C 5 32A 4W 24C
0611HGH,Kenyatta National Hospital,-1.297513,36.804661,1,16
0611HUR,Hurlingham,-1.294659,36.797714,4,46K 46Y 56 5
0611ISP,Nairobi Hospital,-1.295325,36.805052,2,46K 46Y
0611IYQ,CIC,-1.298532,36.812364,1,7C
0611KIL,Kilimani Primary School,-1.292476,36.783198,2,46K 56
0611MKF,Mkombozi/Fraemy Supermarket,-1.281142,36.751916,1,56
0611NAV,Vanga Road,-1.28988,36.764696,2,46K 56
0611SEB,Kasneb Towers,-1.302829,36.810894,1,7C
0611SOK,Sokoni,-1.286301,36.745661,1,46K
0611SRN,Serena,-1.288678,36.813378,8,46K 46Y 7C 5 32A 4W 24C 046P
0611VJA,Java,-1.298795,36.811058,1,7C
0611VRP,Valley Road Pentecostal,-1.292546,36.805015,7,46K 46Y 56 5 24C 046P
0611YAY,Yaya,-1.292751,36.789354,1,46K
0613MWI,Kawangware Mwisho,-1.283934,36.742585,2,46K
0700AAY,Yaya,-1.292444,36.788302,1,4W
0700ABB,Abba Photo Studio/Kaberia,-1.290783,36.732013,1,4W
0700ABN,Bogani,-1.351302,36.748109,1,24C
0700ACI,Acacia Petrol Station Junction,-1.225118,36.705298,2,103 129
0700ADR,Darajani,-1.238774,36.674906,1,103
0700AIA,Iranda,-1.266272,36.722451,1,103
0700AIC,AIC Riruta,-1.283999,36.735204,2,2 102
0700AIV,Karen Cottage,-1.301848,36.687555,1,1
0700AKA,Mwathakado,-1.228764,36.694422,1,103
0700AMD,Dagoretti Market,-1.286548,36.686745,1,2
0700AOT,Nyathore,-1.230089,36.683038,1,129
0700AOW,Kwa Mtaro,-1.269282,36.726281,1,103
0700ASM,Matasia,-1.389175,36.680431,1,126N
0700AYY,Yaya,-1.291612,36.787033,1,0048
0700BDB,Bulbul DC/Kwa Bumps,-1.332718,36.674587,1,111
0700BID,Bidii,-1.287135,36.740953,1,103
0700BMC,Bishop Magua Centre,-1.299391,36.791239,4,24 2 8 111
0700BMY,Beth Mugo Secondary School/Car Wash,-1.283399,36.727117,2,2 102
0700BPS,BP,-1.287522,36.74159,4,2 3U/3 102 103
0700BRM,Britam,-1.298055,36.813351,1,32A
0700BTG,Wanjae Salon,-1.293238,36.738297,1,4W
0700CAH,Car Wash,-1.276154,36.734371,1,103
0700CDT,Corner/Meteorological Department/Total,-1.299403,36.759837,2,24 111
0700CKK,Kaberia,-1.290562,36.728944,2,4W
0700CRP,St. Christophers,-1.318646,36.715664,2,24 111
0700CUM,Uchumi/National Oil,-1.299332,36.792709,2,8 102
0700CWH,Carwash,-1.352561,36.658285,1,111
0700CWT,Gitaru Kwa Gwacii,-1.235678,36.667804,1,129
0700DBS,Pepo Lane,-1.304927,36.693,1,1
0700DCR,Deliverance Church,-1.29428,36.683553,1,1
0700DCT,Deliverance Church Riruta,-1.29266,36.751563,4,2 3U/3 102 103
0700DDO,DoD,-1.294788,36.802399,4,46Y 56 5 4W
0700DIN,Kinduri,-1.272629,36.73149,1,103
0700DNO,Don Bosco,-1.304188,36.692391,1,1
0700DRI,Riverside,-1.276744,36.735277,1,103
0700EAY,Equity Ayani,-1.311068,36.775885,1,32A
0700EOL,El Paso,-1.347778,36.662391,1,111
0700E'P,PEFA King'eero,-1.224371,36.706862,1,129
0700ESU,Prestige,-1.299064,36.788074,1,4W
0700ETN,Dennis Pritt,-1.28515,36.787956,1,0048
0700ETR,Muthure Center,-1.229907,36.686069,1,103
0700EUI,Krep/Equity,-1.283582,36.737359,2,3U/3 103
0700FDI,Friends Paradise Inn/Kaberia,-1.292301,36.734704,1,4W
0700FED,Adlife Plaza,-1.294826,36.787476,2,5 4W
0700FJS,Fort Jesus,-1.310753,36.779341,1,8
0700FMK,Karinde,-1.301165,36.682693,1,1
0700FVM,Forest View Mall,-1.307392,36.735457,2,24 111
0700GBK,Green Belt/Kanyariri/Rukufi,-1.227797,36.698172,2,103 129
0700GCP,Gachui/Ruthimitu Chief's Camp,-1.281721,36.695991,2,2 102
0700GEH,Gerick House,-1.29786,36.751375,1,4W
0700GGL,Green Gardens School,-1.25089,36.664915,1,102
0700GMW,Mwingi,-1.283031,36.785976,1,0048
0700GNG,Ngong Road,-1.299852,36.766393,1,5
0700GPF,Zuku/Grace Pop/Dagoretti Flats,-1.276294,36.686224,1,102
0700GRS,Gardens,-1.254524,36.665866,1,102
0700GRU,Gitaru,-1.231977,36.670458,2,103 129
0700/HI,Uchumi/National Oil,-1.299841,36.792623,1,32A
0700HKA,Hekima,-1.330488,36.678247,1,111
0700HRW,Hiwi Court,-1.366135,36.657236,1,126N
0700HSN,Shimonne,-1.289624,36.744542,1,103
0700HTA,Nyathore,-1.230175,36.682389,1,103
0700HVE,Hopevision Academy/Karen End Flats,-1.296535,36.682916,1,1
0700HVI,River Ridge School,-1.275876,36.734086,1,3U/3
0700HWA,Kwa Jehova,-1.229623,36.689358,1,103
0700IBI,Oilibya,-1.2826,36.737149,1,3U/3
0700IER,Riverlands,-1.29258,36.751102,1,103
0700IOO,Wakorino,-1.281613,36.701798,1,2
0700IRI,ILRI,-1.267762,36.724092,1,103
0700ITO,Mugomuini Market,-1.325355,36.785483,1,34L
0700IUA,Rubia,-1.326685,36.789855,1,34L
0700JAN,PCEA Junction,-1.330488,36.780574,1,34L
0700JER,Kinyanjui Primary,-1.294069,36.744901,1,4W
0700JKW,Kwa Jua,-1.230438,36.678039,1,103
0700JLD,Joyland,-1.294837,36.74762,1,4W
0700JNR,Kanjerere,-1.280542,36.73635,1,103
0700JOO,Jogoo/KBC,-1.329635,36.680112,1,111
0700JPS,Jamhuri Primary School,-1.30206,36.766956,1,5
0700KAC,ACK,-1.229338,36.691278,1,129
0700KAK,Kenya Assemblies Of God King'eero/Bus stop,-1.222091,36.710964,2,103 129
0700KCQ,KCB/Equity,-1.301328,36.812437,1,32A
0700KDN,Kenya Defense,-1.308548,36.695854,1,1
0700KEH,Karen End Shops,-1.298079,36.682247,1,1
0700KEL,Karen/Shell,-1.322039,36.70757,2,24 111
0700KEO,Kenol,-1.30421,36.74671,2,24 111
0700KEQ,Sidia/Equity,-1.28474,36.737735,2,2 102
0700KII,Kinangiti,-1.291196,36.746897,1,103
0700KIM,Kangemi Road,-1.274743,36.733378,1,103
0700KMH,Kwa Hospitali/Kaberia,-1.291912,36.734329,1,4W
0700KMJ,Kwa Maji/Kaberia,-1.291491,36.733927,1,4W
0700KMM,KCB Community,-1.329626,36.687189,1,111
0700KON,Kona,-1.376506,36.676179,1,126N
0700KPG,Kanisani PCEA Githima,-1.28136,36.691763,2,2 102
0700KPI,Kephis,-1.327601,36.690963,1,111
0700KPL,Karen Police Station,-1.322696,36.705979,1,111
0700KRA,Karanja,-1.309832,36.7802,2,8 32A
0700KRR,Kirunguro Junction,-1.268223,36.678906,1,102
0700KSS,Kwa Muchina/Star Shake Girls' Secondary School,-1.341907,36.66656,1,111
0700KVE,Kwa Dereva,-1.229226,36.691772,1,103
0700KWK,Kwft/Kobil,-1.358294,36.656557,1,111
0700LEA,Lenana,-1.308366,36.732493,1,24
0700LEM,Melchizedek,-1.294516,36.754643,1,103
0700LHI,Midhill,-1.291716,36.748168,1,103
0700MAA,Matta,-1.229943,36.685431,2,103 129
0700MAU,Maasai Academy/Umoja,-1.331178,36.67668,1,111
0700MDA,Mutindwa,-1.295185,36.744944,1,4W
0700MDR,Maboko Road,-1.32978,36.782007,1,34L
0700MHU,Uchumi,-1.299305,36.793685,1,111
0700MKC,Kwa Mbao/PCEA Kanyariri,-1.229011,36.693124,1,129
0700MMB,Riruta Parish,-1.294531,36.743576,1,4W
0700MNO,Kinoo Mama Ngina,-1.255538,36.694711,1,103
0700MOG,Moi Girls' School Junction,-1.303248,36.788085,2,8 32A
0700MRT,Mukiriti,-1.282518,36.699162,2,2 102
0700MSK,Mlangosoko,-1.28866,36.743186,4,2 3U/3 102 103
0700MTM,Muthama,-1.280641,36.718732,2,2 102
0700MTO,Miotoni Road,-1.31267,36.722468,2,24 111
0700MUL,Muslim,-1.28199,36.737025,2,3U/3 103
0700MUM,Kwa Machuma,-1.278877,36.715214,1,2
0700N44,44,-1.373202,36.671995,1,126N
0700NCS,Consolata,-1.266534,36.800911,1,0048
0700NDU,Ndwaru,-1.279189,36.735985,2,3U/3 103
0700NHF,NHIF,-1.295003,36.813474,6,24 56 2 33NG 102 111
0700NKA,Kanyariri,-1.226586,36.701653,1,129
0700NMA,Mlango Soko,-1.235631,36.673071,1,103
0700NMI,Mwingi,-1.283078,36.786188,1,0048
0700NPC,NPC Ngong,-1.368541,36.658177,1,126N
0700NPS,Nembu Primary School,-1.281202,36.720097,2,2 102
0700NUQ,Queen's Park,-1.278802,36.791314,1,0048
0700NWA,Nawaro,-1.281796,36.706578,1,2
0700NYA,Nyumbani,-1.312201,36.698971,1,1
0700NYM,Link Road,-1.31484,36.701111,1,1
0700OAA,Kwa Mbao,-1.286319,36.739858,1,103
0700OLM,Olympic Primary School,-1.311405,36.778461,1,32A
0700OOH,Rose of Sharon,-1.301193,36.792709,1,32A
0700OOR,Racecourse Road,-1.286017,36.829675,1,33NG
0700OOT,Consolata,-1.266453,36.800999,1,0048
0700ORK,King'eero,-1.226942,36.700805,1,103
0700ORS,Milimani Star Junior,-1.424446,36.685431,1,126N
0700OST,Oloosuruutia,-1.41134,36.687828,1,126N
0700PBG,Precious Blood Girls' School,-1.285904,36.73926,4,2 3U/3 102 103
0700PCS,PCEA Kwa Kanisa,-1.356696,36.657016,1,111
0700PTR,Ngong/Petroh,-1.363019,36.656141,1,126N
0700PWA,Pathway,-1.305832,36.742077,2,24 111
0700RAC,Racecourse,-1.306525,36.738683,2,24 111
0700RCK,Redeemed Church Of Kenya/Kaberia,-1.291201,36.733467,1,4W
0700RCR,Red Cross,-1.279765,36.689714,1,102
0700REL,Relic House,-1.297839,36.753706,1,4W
0700RIR,Riara,-1.295857,36.755917,4,2 3U/3 102 103
0700RMN,Roimen,-1.405917,36.68811,1,126N
0700RNG,Edulink International College,-1.300104,36.777557,1,5
0700RPR,Rhino Park Road,-1.301848,36.684937,1,1
0700RSP,Riruta Satellite Primary School,-1.29273,36.736172,1,4W
0700RSR,Ruasare,-1.282784,36.737139,1,103
0700SAD,Shade Hotel,-1.328063,36.684446,1,111
0700SAN,Kanisani,-1.229961,36.684777,1,103
0700SGR,Showground,-1.301694,36.753688,2,24 111
0700SHW,Shell/Hobwogi/Miotoni West Road,-1.316487,36.718119,2,24 111
0700SJK,St. Joseph's Kabete,-1.265614,36.721817,2,3U/3 103
0700SJL,St. John College,-1.281323,36.736838,2,3U/3 103
0700SMK,Summer-Rock,-1.270807,36.728575,2,3U/3 103
0700SPC,Shell Dagoretti Police Station,-1.280904,36.69038,1,2
0700STK,Santack Estate,-1.302958,36.750277,2,24 111
0700STY,Jubilee,-1.295185,36.741704,1,4W
0700SUC,Nursing Council,-1.301311,36.790676,1,32A
0700TBK,Tea Board/Dagoretti Corner,-1.298052,36.757968,5,2 3U/3 4W 102 103
0700TDI,Stadium,-1.370957,36.660025,1,126N
0700TED,Dam Estate,-1.322651,36.803738,1,34L
0700TLF,The Legend/Kwa Farasi,-1.321118,36.710461,1,111
0700TON,Kwa Njiru,-1.308551,36.781389,1,8
0700TRD,Tankard,-1.300614,36.756625,2,24 111
0700TSK,Tuskys,-1.383012,36.67689,1,126N
0700UAS,Sudan,-1.275167,36.733587,1,103
0700UKG,Uon Kikuyu Gate,-1.263941,36.671096,1,102
0700ULT,Tulia,-1.251316,36.686971,1,103
0700UNV,Universal,-1.347405,36.662796,1,111
0700URB,Uthiru Roundabout,-1.26445,36.721303,2,3U/3 103
0700WAG,Total Wangige,-1.220657,36.71213,1,129
0700WIJ,Kwa Maji,-1.259771,36.707484,1,103
0700WTA,Waithaka,-1.279553,36.712435,2,2 102
0700ZBA,Zambia School,-1.354088,36.657717,1,111
0700ZEK,Ezekiel Mutua,-1.396755,36.685946,1,126N
0700ZLL,Melchizedek Hospital,-1.294852,36.755158,2,2 3U/3
0701ACC,Acacia Junction/King'eero,-1.224911,36.705537,2,103 129
0701ACH,Car Wash,-1.281109,36.69028,1,2
0701ACI,ACK St. Phillips/Kwa Headman/Kwa Chief,-1.229171,36.691852,2,103 129
0701ADA,Adams Arcade,-1.300077,36.78037,1,5
0701ADC,Kwa DC,-1.305922,36.787509,2,8 32A
0701AEE,Kenya Assemblies of God (KAG) King'eero,-1.222349,36.710424,1,129
0701AHS,Alliance High School,-1.262897,36.6698,1,102
0701AIU,Africa International University,-1.301827,36.689733,1,1
0701APA,Impala/Swedish School Nairobi,-1.300539,36.769022,1,111
0701ATO,Total Ngong Road,-1.299836,36.788846,1,32A
0701AUT,Gitaru Kwa Ngwacii,-1.235452,36.669504,1,103
0701BCA,Bumps/PCEA,-1.332217,36.675211,1,111
0701BLC,Bulbul Kanisani (Catholic Church),-1.335206,36.672411,1,111
0701BMK,Beth Mugo High School,-1.283395,36.726863,2,2 102
0701BPP,BP,-1.287707,36.741688,4,2 3U/3 102 103
0701BPS,Bumps,-1.295017,36.748142,1,4W
0701CCL,Country Club,-1.353556,36.657924,1,111
0701CMD,Corner/Meteorological Department,-1.299706,36.759325,2,111 24C
0701CRS,St. Christophers,-1.318738,36.715632,2,111 24C
0701CWH,Carwash,-1.350291,36.659713,1,111
0701DAM,Adams Arcade,-1.300072,36.780089,1,4W
0701DBO,Don Bosco,-1.304255,36.692517,1,1
0701DCR,Deliverance Church Riruta,-1.292798,36.751542,4,2 3U/3 102 103
0701DCT,Deliverance Church,-1.293618,36.683659,1,1
0701DFA,Adlife Plaza,-1.294772,36.787696,1,5
0701DNL,Denoil,-1.269155,36.680122,1,102
0701DUA,Sudanese,-1.27494,36.733346,1,103
0701ELP,Elsi Place,-1.340269,36.667122,1,111
0701EMO,Mosque,-1.303012,36.8027,1,33NG
0701FGK,Full Gospel Church/Kiruria,-1.298426,36.752382,1,4W
0701FGS,Full Gospel,-1.251979,36.665049,1,102
0701FIR,Elim,-1.305088,36.772404,1,5
0701FJE,Fort Jesus,-1.310756,36.779389,1,8
0701FRK,Karen End,-1.29787,36.68225,1,1
0701GAC,Kwa Ngwacii,-1.235297,36.667895,1,129
0701GCU,Gachui,-1.281828,36.696257,2,2 102
0701GDB,Gachangi/Darajani/Baptist Church,-1.273202,36.732477,2,3U/3 103
0701GDR,Club Legend,-1.321385,36.70985,1,24C
0701GGS,Green Gardens School,-1.251082,36.664868,1,102
0701GHS,Good Samaritan High School,-1.296923,36.749861,1,4W
0701GRD,Gardens,-1.254207,36.665672,1,102
0701GRG,Garage,-1.348812,36.661131,1,111
0701GTR,Gitaru Junction,-1.232416,36.669928,2,103 129
0701ITE,Githembe,-1.297525,36.750053,1,4W
0701ITG,PCEA Githima,-1.281495,36.691935,1,2
0701JBC,Jogoo/KBC,-1.329651,36.680235,1,111
0701JCR,Kinyanjui Primary School,-1.294241,36.744949,1,4W
0701KAR,Karanja,-1.309714,36.780324,2,8 32A
0701KBG,Kabarnet Gardens,-1.302784,36.789113,1,8
0701KCC,KCB Community,-1.329666,36.686842,1,111
0701KDF,Kenya Defense,-1.308581,36.69592,1,1
0701KFR,Kwa Farasi,-1.319781,36.714437,1,111
0701KJI,Kinyanjui,-1.291634,36.747444,4,2 3U/3 102 103
0701KMC,Kwa Muchina,-1.341244,36.666753,1,111
0701KMH,Karmu House,-1.346582,36.663923,1,111
0701KNC,Kenvic,-1.343876,36.666123,1,111
0701KNK,Kwa Nicholas,-1.411734,36.687934,1,126N
0701KNO,Kenol,-1.304331,36.746848,2,111 24C
0701KNR,Kwa Njeru/Gitaru/Pank View,-1.230569,36.674916,2,103 129
0701KON,Kona,-1.37657,36.67648,1,126N
0701KPC,Allmart Dagoretti Market,-1.285352,36.687338,1,2
0701KPY,Kaberia/Pc Kinyanjui Technical Training Institute,-1.29267,36.735423,1,4W
0701KRC,Kenya Redeemed Church Riruta,-1.291077,36.733127,1,4W
0701KRE,KREP/Equity Bank,-1.284773,36.737551,2,2 102
0701LNA,Lenana,-1.308414,36.732396,2,111 24C
0701LRI,ILRI,-1.266464,36.722547,1,103
0701MGJ,Moi Girls' School Junction,-1.303586,36.788042,2,8 32A
0701MHS,Maasai High School,-1.330285,36.6788,1,111
0701MKA,Makina,-1.307308,36.782543,2,8 32A
0701MTS,Matasia,-1.391168,36.682261,1,126N
0701MTW,Mutindwa,-1.2952,36.744798,1,4W
0701MUT,Mugiriti,-1.282514,36.69925,2,2 102
0701N44,44,-1.372973,36.671897,1,126N
0701NDL,Nyumbani Diagnostic Lab,-1.313178,36.699728,1,1
0701NDW,Ndwaru Road,-1.278985,36.735873,2,3U/3 103
0701NGD,Riruta Parish,-1.294472,36.743592,1,4W
0701NGR,Ngong Resort,-1.380401,36.676708,1,126N
0701NHS,Jamhuri Shopping Centre,-1.304417,36.770999,1,5
0701NJR,Kwa Njiru,-1.308446,36.781577,2,8 32A
0701NMO,Mlango Soko,-1.235774,36.672615,1,103
0701NMY,Community,-1.292042,36.813096,1,4W
0701NPC,Npc Woodley,-1.303784,36.775032,1,5
0701NSC,Nursing Council,-1.301691,36.790328,1,8
0701NSP,New Kaberia Supermarket,-1.291703,36.73409,1,4W
0701NTO,Karen/Karen Shopping Centre,-1.323493,36.70831,1,24C
0701NVI,Naivasha/Naivasha Road Flat,-1.282606,36.737031,2,3U/3 103
0701NVV,Naivas/Vet,-1.342889,36.666389,1,111
0701NWT,Nairobi Water,-1.303876,36.777757,1,5
0701NYH,Nyali House,-1.344763,36.665775,1,111
0701NYI,Nyumbani,-1.311579,36.698327,1,1
0701OEN,Ole Roimen,-1.405867,36.688165,1,126N
0701OLY,Olympic Primary School,-1.31168,36.778158,2,8 32A
0701PAC,Melchizedek Hospital,-1.294702,36.754715,1,2
0701PBG,Precious Blood Girls' School,-1.285111,36.738163,2,2 103
0701PCY,PCEA Endorro Emuny,-1.356178,36.657212,1,111
0701PKA,Peak Academy,-1.301329,36.79094,1,8
0701PMS,Perminus,-1.351343,36.658962,1,111
0701PPT,Pepo Lane,-1.305029,36.693086,1,1
0701PSA,Posta/Ole Odume Road,-1.300362,36.774018,5,2 4W 102 111 24C
0701PTR,Petro/Mwisho,-1.36294,36.656181,1,126N
0701PWY,Pathway,-1.305844,36.742562,2,111 24C
0701RCE,Racecourse,-1.306702,36.738555,2,111 24C
0701REU,Krep/Equity/Kwa Mumbi,-1.284515,36.73768,2,3U/3 103
0701RHP,Rhino Park Road,-1.302041,36.684873,1,1
0701RNR,Matta,-1.230029,36.683275,1,103
0701ROS,Rose Of Sharon,-1.301224,36.792779,1,8
0701RSF,Riverside Flats,-1.277584,36.735787,2,3U/3 103
0701RSP,Riruta Satellite Primary School,-1.29277,36.7363,1,4W
0701SAT,Riruta Baptist Church,-1.293769,36.739494,1,4W
0701SBR,Simpsons Bar And Rest,-1.291374,36.73369,1,4W
0701SDP,Shell/Dagoretti Police Station,-1.280497,36.690566,1,102
0701SFY,Fastenergy,-1.302577,36.751864,2,111 24C
0701SHK,Karinde,-1.301169,36.68259,1,1
0701SHS,St. Hannah's School,-1.302587,36.691129,1,1
0701SHT,Shade Hotel,-1.328036,36.684113,1,111
0701SJC,St. John College Riruta,-1.28171,36.736838,2,3U/3 103
0701SJO,St. John Othordox Church,-1.290811,36.73214,1,4W
0701SMA,Salama,-1.287655,36.74909,1,046P
0701SMH,Suma House,-1.297948,36.753576,1,4W
0701SMN,Sportman,-1.352379,36.658401,1,111
0701SMR,Summer-Rock,-1.270713,36.728277,2,3U/3 103
0701SSR,San Siro,-1.30913,36.780745,2,8 32A
0701STP,Park Estate,-1.322442,36.787449,1,34L
0701SWD,Showground,-1.302148,36.752708,2,111 24C
0701SYU,Tuskys,-1.358035,36.656731,1,111
0701TAN,Tankard,-1.300786,36.756343,1,111
0701TAT,Matta,-1.229986,36.683275,1,129
0701TGA,Togo Apartments,-1.304884,36.774581,1,5
0701THR,Uthiru Shopping Center,-1.264104,36.719822,2,3U/3 103
0701TKS,Suntarc/Shallow,-1.300559,36.756962,2,111 24C
0701TRE,Nakumatt Prestige,-1.299997,36.787505,1,32A
0701TSK,Tuskys,-1.382853,36.676901,1,126N
0701TTE,Nera Estate,-1.307598,36.799784,1,33NG
0701TTW,Total Wangige,-1.220641,36.712044,2,103 129
0701UAK,AICPK Gitaru,-1.230345,36.678339,1,129
0701UCN,Uchumi/National Oil,-1.29971,36.792688,2,8 32A
0701UGK,Muguku Farm,-1.237416,36.666328,1,129
0701UKC,UON Kikuyu Campus,-1.265918,36.67477,1,102
0701UMJ,Umoja,-1.331067,36.677003,1,111
0701UTM,Stadium,-1.371113,36.660079,1,126N
0701VNS,Venessa,-1.351806,36.658693,1,111
0701WGT,Kwa Mchanga/Total,-1.262897,36.718422,2,3U/3 103
0701WMA,Kwa Mbao,-1.228892,36.69344,1,103
0701WNK,Winners Chapel/Kanisani,-1.301972,36.779624,1,5
0701WOO,Woodley,-1.303806,36.779586,1,5
0701WRG,Windy Ridge/Group Africa,-1.324266,36.701959,1,111
0701WTK,Waithaka,-1.279621,36.712344,2,2 102
0701WWU,Waiyaki Way/Uthiru Junction,-1.260951,36.716548,1,103
0701YAA,Yaya,-1.292557,36.788801,1,5
0701ZMB,Zambia,-1.349538,36.660379,1,111
0702DCS,Dagoretti Corner Stage,-1.298436,36.759363,5,2 3U/3 4W 102 103
0702KDC,Kenol Dagoretti Corner,-1.29843,36.759874,4,2 3U/3 102 103
0703DGT,Dagoretti Market,-1.287718,36.686311,2,1
0703EQY,Equity Ayani,-1.311096,36.77577,3,8 32A
0703KIS,Kiserian,-1.428211,36.686707,2,126N
0703MHR,Muhia Road,-1.290511,36.730253,2,4W
0703UTP,Uthiru Pentecostal,-1.261362,36.716807,3,3U/3 103
071004_,40,-1.297756,36.75718,1,103
071064A,46 AP Camp,-1.286679,36.74032,1,103
0710A.A,St. Barnabus,-1.38549,36.678146,1,126N
0710AAY,Yaya,-1.291902,36.787156,1,0048
0710ADC,Adams Arcade,-1.300006,36.780041,5,24 2 5 4W 111
0710AEA,Wamete/Kanisani,-1.260742,36.713026,1,103
0710AHE,Shell/Arboretum,-1.273655,36.800747,1,0048
0710AHL,Alliance High School,-1.262757,36.669726,1,102
0710AIJ,Viraj,-1.283932,36.786126,1,0048
0710AJA,Jacaranda/Siaya Road,-1.282643,36.786773,1,0048
0710AJI,Viraj,-1.283791,36.786242,1,0048
0710BBT,Brew Bistro,-1.299571,36.76512,5,24 2 4W 102 111
0710BLL,Bulbul,-1.334184,36.673252,1,111
0710BUM,Bumps,-1.332162,36.675225,1,111
0710CAE,ICEA,-1.284553,36.821253,2,4W 24C
0710CCT,China Centre,-1.298946,36.797048,5,24 2 8 32A 111
0710CEI,ICEA,-1.284528,36.821459,1,046P
0710CME,Coptic/Mimosa,-1.298543,36.799087,6,24 2 8 32A 102 111
0710CNG,Africa International University,-1.301837,36.689658,1,1
0710DAC,Kwa DC,-1.305774,36.787602,1,8
0710DCD,Dagoretti CDF/APs' Camp,-1.286467,36.740158,4,2 3U/3 102 103
0710EAY,Wanyee,-1.296656,36.756365,1,103
0710ELK,Madaraka Flyover,-1.307985,36.819391,1,33SB
0710ELS,Elsi Place,-1.340689,36.666867,1,111
0710EOE,Ole Odume Bus Stage,-1.292828,36.774657,1,046P
0710ESW,Nairobi West,-1.307631,36.822159,1,33SB
0710FGP,Full Gospel,-1.298354,36.75246,1,4W
0710GID,Windy Ridge,-1.324089,36.70205,1,111
0710GKI,Gathondeki,-1.2717,36.729698,2,3U/3 103
0710GON,Congo,-1.286605,36.746376,1,046P
0710GVC,Gitaru/Vantage School,-1.233,36.67012,1,105
0710GVN,Vanga,-1.289877,36.766568,1,046P
0710GYE,Elgeyo,-1.292778,36.778935,1,046P
0710HAK,Karmu House,-1.346598,36.663898,1,111
0710HAO,Othaya,-1.29007,36.773016,1,046P
0710IAA,Zambia,-1.349709,36.660208,1,111
0710IEP,Bishop Magua Center,-1.299455,36.790853,1,102
0710IIH,Kilimani primary school,-1.292515,36.783704,1,046P
0710IKM,Makina,-1.307416,36.782377,1,8
0710IM&,I&M,-1.285075,36.820343,1,046P
0710IMJ,Swedish School Nairobi,-1.300436,36.76897,6,24 2 5 4W 102 111
0710INA,Nairobi School,-1.260466,36.770276,1,046P
0710INP,Prime Bank,-1.271104,36.801632,1,0048
0710IOS,Sokoni,-1.284655,36.743635,1,046P
0710JPS,Jayce Petrol Station,-1.355179,36.657421,1,111
0710JSS,Jamhuri Station Road Stage,-1.303983,36.769137,1,5
0710KEM,Kenyatta Market,-1.307641,36.802665,1,33NG
0710KJS,Kaberia Junction/Wanyee Stage,-1.29703,36.756553,5,2 3U/3 4W 102 103
0710KNA,King'eero Stage,-1.22554,36.704265,2,103 129
0710KNS,Kenyatta National Hospital,-1.300727,36.808843,1,32A
0710KRD,Kirichwa Road Junction,-1.299879,36.782118,6,24 2 5 4W 102 111
0710KWA,Kirichwa,-1.292667,36.781738,1,046P
0710KWN,Kwa Ng'ang'a,-1.284009,36.728874,2,2 102
0710KYJ,Kinyanjui,-1.291539,36.747569,4,2 3U/3 102 103
0710LHB,Bangladesh,-1.291851,36.774711,1,046P
0710LIB,Amboseli,-1.289569,36.759857,1,046P
0710LIV,Lavingtone Villas,-1.289813,36.765227,1,046P
0710LNE,Parklands Baptist/Westlands,-1.265658,36.800873,1,0048
0710LNN,Lenana,-1.308058,36.73344,2,24 111
0710MAU,Kwa Magu,-1.230249,36.680549,2,103 129
0710MIH,Mihonge,-1.282169,36.72293,2,2 102
0710MIR,Jamhuri,-1.299841,36.766251,1,111
0710MTE,Muthure,-1.229804,36.687341,2,103 129
0710MWA,Kwa Mbao,-1.229129,36.692507,1,103
0710MY/,Equity/Kwa Mumbi,-1.284168,36.737589,1,103
0710NAA,Kanisani,-1.293497,36.753581,1,103
0710NAL,Prestige,-1.299509,36.78809,1,5
0710NAN,Kangundo,-1.279457,36.790531,1,0048
0710NAQ,Nairobi Area Traffic Police Headquarters,-1.296596,36.80789,2,8 102
0710NCU,Kasuku Center,-1.275766,36.794849,1,0048
0710NEA,Lenana,-1.288823,36.787154,1,0048
0710NKT,Junction,-1.299031,36.762577,5,24 2 4W 102 111
0710NLA,Lenana,-1.288883,36.787038,1,0048
0710NWA,Kawangware,-1.287004,36.740921,1,3U/3
0710OAE,Motherland,-1.299997,36.780891,1,5
0710OLS,Olympic Primary School,-1.311585,36.778173,2,8 32A
0710OSV,Kikuyu Overpass,-1.239341,36.666242,1,129
0710OUK,Kangundo,-1.279451,36.790721,1,0048
0710PBW,Parklands Baptist/Westlands,-1.265693,36.801077,1,0048
0710PMP,PCEA Milimani Presbytary,-1.32851,36.682712,1,111
0710POD,Posta/Ole Odume Road,-1.300327,36.774047,6,24 2 5 4W 102 111
0710RAC,Adam's Arcade,-1.299961,36.780808,1,102
0710RAR,Shell/Arboretum,-1.27369,36.800833,1,0048
0710RAV,Airport View Estate,-1.314138,36.812385,1,33SB
0710RCN,Jacaranda/Siaya Road,-1.282643,36.78669,1,0048
0710RCS,Cradles to Crayons,-1.277248,36.687011,1,102
0710RFO,Forest,-1.272753,36.732005,1,103
0710RII,ILRI,-1.267754,36.724108,1,3U/3
0710RIT,Dennis Pritt,-1.285107,36.788052,1,0048
0710RJG,Kwa Njeru Stage,-1.230635,36.675067,1,129
0710RKU,Kanjeru,-1.230642,36.675056,1,103
0710RLN,Langata Road Primary,-1.317024,36.812761,1,24C
0710RLU,Rusinga School,-1.287263,36.747736,1,046P
0710RNP,Prime Bank,-1.271093,36.801549,1,0048
0710RUE,Kasuku centre,-1.275798,36.795343,1,0048
0710RUP,Queen's Park,-1.278738,36.791512,1,0048
0710RYA,Langata Graveyard,-1.334592,36.77867,1,24C
0710SAA,Spanish Villas/Lenana,-1.290015,36.786781,1,0048
0710SAE,Kwa Benard Stage,-1.29002,36.771508,1,046P
0710SAO,Mogas,-1.354591,36.657563,1,111
0710SEL,Shell,-1.280461,36.690578,1,102
0710SGT,James Gichuru/ Gitanga Road Junction,-1.289645,36.761684,1,046P
0710SH4,46 Mwisho bus stage,-1.283934,36.7426,1,046P
0710SHO,St. Hannah's School,-1.302561,36.691155,1,1
0710SIN,Sugoini,-1.290394,36.745712,4,2 3U/3 102 103
0710SNI,Spanish Villas/Lenana,-1.289998,36.786864,1,0048
0710STO,Methodist,-1.290428,36.774727,1,046P
0710TAK,Bus Track Yard,-1.285191,36.741607,1,046P
0710TAY,Sohali City,-1.289663,36.756697,1,046P
0710TLH,Motherland,-1.299831,36.784077,2,4W 102
0710TNA,Library,-1.295013,36.810229,8,24 2 8 32A 33NG 102 111 24C
0710TOR,Memorial Hospital,-1.310967,36.805484,1,34L
0710TOS,Coast,-1.285361,36.744359,1,046P
0710TRU,Ruthimitu,-1.281302,36.703756,1,102
0710TSS,Tuskys,-1.357552,36.656788,1,111
0710TTL,Prestige/Number Nane,-1.299607,36.788665,5,24 2 8 102 111
0710UKT,Uon Kikuyu Gate 2,-1.265422,36.673879,1,102
0710UML,Jamrose/Muthuli,-1.228298,36.696337,1,103
0710UMS,Perminus,-1.350959,36.659218,1,111
0710VAS,Naivas/Veterinary,-1.342817,36.666296,1,111
0710VIC,Victory World Outreach,-1.297367,36.75491,1,4W
0710WRE,Power,-1.306214,36.740459,1,111
0710WSE,Wanyee Stage,-1.296275,36.749208,1,4W
0710WWD,Westwood,-1.325327,36.696969,1,111
0710YAA,Yaya,-1.292377,36.787714,1,046P
0710ZAR,Motherland,-1.299863,36.783718,1,111
07113AV,Library,-1.294957,36.810238,2,16 7C
0711AAD,Kirichwa Road,-1.29997,36.781921,5,2 4W 102 111 24C
0711ADA,Kianda Stage,-1.2641,36.758685,1,046P
0711AGI,Chiromo Stage,-1.271116,36.807257,1,046P
0711AIU,Milimani Star Junior,-1.424661,36.68541,1,126N
0711ALA,Ngumo Stage,-1.307647,36.802799,1,33SB
0711ALT,Shell,-1.310978,36.817047,1,33SB
0711AOE,Masadukuni/Kenyatta Market Flyover,-1.307223,36.80392,1,34L
0711AON,Roundabout,-1.265806,36.721753,1,103
0711ARC,Adams Arcade,-1.300013,36.781207,1,111
0711ARK,Bus Track Yard,-1.286115,36.740867,1,046P
0711ASS,Alliance High School Stage,-1.261021,36.668262,1,102
0711ATC,Consolata,-1.26842,36.804945,1,046P
0711ATG,Posta Stage,-1.300474,36.771868,1,111
0711ATM,Memorial Hospital,-1.310334,36.805514,1,34L
0711AUH,Kwa Mashuma,-1.279142,36.714267,1,102
0711BLB,Bulbul,-1.333908,36.673585,1,111
0711CAB,ABC,-1.259529,36.775371,1,046P
0711CVL,Civil,-1.322672,36.788814,1,34L
0711DKI,Gathodeki,-1.272354,36.729575,1,046P
0711DRC,Dagoretti Rehabilitation Centre,-1.273861,36.684449,1,102
0711EAA,Adams Arcade,-1.300048,36.78118,1,102
0711EAS,Gardens,-1.323853,36.790059,1,34L
0711EDE,Sugar Board/ Shell petrol,-1.264785,36.740304,1,046P
0711EGN,Engen,-1.264386,36.756719,1,046P
0711EHR,Total/Strathmore,-1.313687,36.812412,1,33SB
0711EKT,el Market,-1.26371,36.728368,1,046P
0711EOA,South B Stage,-1.311568,36.835302,1,33SB
0711EOD,Brookside,-1.260859,36.791764,1,046P
0711ERE,Nairobi Area Traffic Police Headquarters,-1.296726,36.808159,1,111
0711ETH,Highrise,-1.314014,36.807681,1,34L
0711GCP,Golf Course Phase 2,-1.309261,36.798458,1,33NG
0711GTD,Gathondeki,-1.271845,36.729602,2,3U/3 103
0711HD/,Westlands DC/Church Road/Safaricom,-1.25985,36.785456,1,046P
0711HNT,Thiong'o,-1.264835,36.735484,1,046P
0711HOR,Good Shephard,-1.299618,36.789123,1,102
0711HRT,Uthiru Girls,-1.261019,36.713836,1,103
0711IEE,Kangemi Bus Terminus,-1.264614,36.748592,1,046P
0711IGM,Kangemi Road,-1.275257,36.733335,1,046P
0711IHR,Total/Strathmore,-1.31373,36.812385,1,34L
0711III,Precious Girls' High School,-1.285075,36.738359,1,102
0711IMP,Swedish School Nairobi,-1.300448,36.7692,3,2 4W 24C
0711INI,University of Nairobi,-1.281132,36.816722,1,046P
0711(IO,N(Sokoni),-1.264089,36.73021,1,046P
0711IRI,ILRI,-1.266673,36.722901,1,3U/3
0711ISN,Sir Henry,-1.41081,36.687963,1,126N
0711IUU,Rukubi,-1.227885,36.697587,1,103
0711IWA,Kabwagi/Miotoni W Road,-1.316493,36.718122,1,111
0711JDO,Joyland,-1.29481,36.747519,1,4W
0711JKR,Jamuhuri/Kibera Station Road,-1.300063,36.767103,5,2 4W 102 111 24C
0711JOG,Jogoo,-1.329173,36.681338,1,111
0711KEM,Kenyatta Market,-1.307506,36.802754,1,33NG
0711KNG,Kwa Ng'ang'a,-1.284074,36.729192,2,2 102
0711KNO,Kenol,-1.354165,36.657739,1,111
0711KNY,Kanyariri,-1.227579,36.698624,2,103 129
0711KRG,Kirunguro,-1.268466,36.679189,1,102
0711KRN,Karen,-1.322568,36.706687,1,111
0711LH.,St. John College,-1.282059,36.736854,1,046P
0711LIA,Impala,-1.300546,36.769027,1,102
0711LLE,Madaraka Flyover,-1.30792,36.819107,1,33SB
0711LMO,Masadukuni,-1.307083,36.803893,1,33SB
0711LNN,Lenana,-1.30788,36.734194,1,24C
0711LRI,ILRI,-1.267017,36.7231,1,046P
0711LSO,Precious Blood Girls Riruta,-1.285075,36.738362,1,3U/3
0711LTD,Wakuru/Deloitte,-1.263333,36.764275,1,046P
0711MAA,Adams Arcade,-1.299992,36.781449,1,2
0711MAT,Muthama,-1.282482,36.723948,1,102
0711MCP,Coptic/Mimosa,-1.298972,36.797928,7,2 8 32A 4W 102 111 24C
0711MET,Westlands Terminal,-1.26278,36.800211,1,046P
0711MGU,Magu,-1.230184,36.68071,2,103 129
0711MJH,Jamhuri Station Road Stage,-1.303961,36.769631,1,5
0711MKP,Mbagathi/Kephis,-1.327656,36.691223,1,111
0711MLK,Mlangosoko,-1.288555,36.7429,4,2 3U/3 102 103
0711MOS,Sodom,-1.264485,36.754278,1,046P
0711MTE,Mithonge,-1.282224,36.723135,2,2 102
0711MTI,Miotoni,-1.3126,36.722659,2,111 24C
0711MTL,Motherland,-1.299889,36.783829,6,2 5 4W 102 111 24C
0711MUI,Ruthimito,-1.281307,36.703262,1,2
0711MUM,Blue Sky Estate/T. Mall,-1.31278,36.814799,2,33SB 34L
0711MUR,Muthure,-1.229718,36.687593,2,103 129
0711MUT,Muthama,-1.280637,36.719098,1,2
0711MWE,Kamwene,-1.281216,36.720235,1,2
0711NAT,Nairobi Area Traffic Police Headquarters,-1.296564,36.808233,6,2 8 32A 33NG 4W 102
0711NEW,Newa Estate,-1.308006,36.799441,1,33NG
0711NGI,King'eero Stage,-1.225526,36.704088,1,103
0711NJG,Kwa Njeru Stage,-1.230536,36.675502,2,103 129
0711NKJ,Junction,-1.299192,36.762968,5,2 4W 102 111 24C
0711NKP,Prestige Plaza,-1.299745,36.787146,6,2 5 4W 102 111 24C
0711NOB,Uthiru Roundabout,-1.264783,36.721914,1,046P
0711NOI,Kinoo,-1.255982,36.695403,1,103
0711NRW,Nawaro,-1.281431,36.707318,1,2
0711NTR,Nyathore,-1.230116,36.681858,1,103
0711NUA,Njuguna's,-1.259129,36.778917,1,046P
0711OLI,Olympic Primary School Stage,-1.31156,36.776869,1,32A
0711OON,South B Shopping Centre,-1.31336,36.82776,1,33SB
0711ORI,Chiromo,-1.272786,36.808904,1,046P
0711OTP,Posta Stage,-1.300471,36.771887,1,102
0711PFE,Pefa King'eero,-1.224241,36.706924,2,103 129
0711PST,Marsabit Plaza,-1.300442,36.772415,5,2 4W 102 111 24C
0711PTE,AP Camp Dangoretti,-1.286358,36.739832,1,046P
0711QUM,Mosque,-1.312555,36.823822,1,33SB
0711RCA,St. Marks Church/Lions Place,-1.261696,36.79788,1,046P
0711REO,Forest,-1.273186,36.731849,1,046P
0711RSS,Ruthimitu Secondary School,-1.281587,36.695619,2,2 102
0711SEK,Summer-Rock,-1.271867,36.729451,1,046P
0711SEN,Wanyee Cross,-1.297197,36.750003,1,4W
0711SGO,Sugoini,-1.290421,36.745588,4,2 3U/3 102 103
0711SOA,Mogas,-1.354623,36.657584,1,111
0711SUN,Sunview Estate,-1.306038,36.801389,1,33NG
0711SUR,Rupia,-1.326798,36.789721,1,34L
0711TER,Shell/Dagoretti Police Station,-1.280551,36.690602,1,2
0711TLE,Kenyatta Market Flyover,-1.306928,36.803778,1,33NG
0711TTE,Kenyatta National Hospital,-1.297581,36.805542,1,111
0711UCN,Uchumi/National Oil,-1.299723,36.792322,5,2 4W 102 111 24C
0711UDO,Our Lady of Mercy,-1.311557,36.833832,1,33SB
0711UEM,Museum,-1.274181,36.811296,1,046P
0711UIS,Memorial,-1.310286,36.805524,1,33SB
0711UKS,UON Kikuyu Campus Stage,-1.265139,36.673039,1,102
0711UMA,Highrise,-1.31403,36.807734,1,33SB
0711UNV,Universal,-1.347724,36.662526,1,111
0711'UO,Custoil/Thong'o,-1.264223,36.73094,1,046P
0711UUA,Uthiru Roundabout,-1.264695,36.720498,1,3U/3
0711VWO,Victory World Outreach,-1.297388,36.754936,1,4W
0711WAK,Kwa Mtaro,-1.269077,36.726061,1,046P
0711WAS,Westlands Stage,-1.26577,36.802649,1,046P
0711WDC,Westwood/Defense College,-1.325356,36.697102,1,111
0711`WI,Gacwiri`,-1.264679,36.720509,1,103
0711WOA,Wakorino,-1.281667,36.701546,1,2
0711WRA,Ndwaro,-1.279398,36.735846,1,046P
0711WST,Wanyee Stage,-1.295965,36.749176,1,4W
0711YQS,Krep/Equity/sidia,-1.284913,36.737798,1,046P
0712KNH,Kenyatta National Hospital,-1.297647,36.804167,9,24 2 8 32A 33NG 34L 102 111 24C
0712KNT,Kenyatta National Hospital,-1.297642,36.804816,7,2 8 32A 33NG 34L 4W 102
0712KRY,Karen/The Hub,-1.320671,36.705644,1,1
0712KTR,Karen/The Hub,-1.321213,36.70639,1,1
0712NGG,Ngong Bus Terminal,-1.360832,36.655943,2,126N
0713AYN,Ayani,-1.307925,36.772739,2,32A
0713DMM,Dagoretti Market,-1.286346,36.686902,1,2
0713KKY,Kikuyu,-1.24654,36.664933,2,102
0713KNS,Kenyatta National Hospital,-1.300909,36.808416,3,7C 32A
0713NBT,Ngong Bus Terminus,-1.360429,36.656037,2,111
0713NGM,Ngumo Market/Line Saba,-1.309884,36.798881,2,33NG
0713WNG,Wangige Stage,-1.219182,36.712387,6,103 129 118
08007IV,Riva 87,-1.257205,36.699421,1,105
080085_,85,-1.269597,36.791899,1,48A
0800AAD,General Mathenge Gardens,-1.254691,36.794932,1,119
0800AAN,Chandarana,-1.27492,36.818224,1,119A
0800ACB,"ACK, Bidii Premier School",-1.222669,36.720536,1,119
0800ACC,Accacia Junction(King'eero Mwisho),-1.224559,36.706424,1,118
0800ACH,ACK Kibichiku Primary,-1.230383,36.734043,1,119
0800AES,Kasuku Center,-1.275392,36.795635,1,48O
0800AGP,Sarit/Pio Gama,-1.261846,36.799554,1,114W
0800AIO,Immigration,-1.274822,36.772571,1,48A
0800AMA,Kampala,-1.136061,36.635746,1,114W
0800AOO,Posta/Soko Nne,-1.263492,36.729966,2,115 135
0800APA,Japan,-1.269189,36.788675,1,48A
0800APD,APDK,-1.2588,36.77956,2,115 135
0800APH,APHRC,-1.229441,36.760499,1,119A
0800ARM,Curve/Nakumatt,-1.278577,36.770049,1,48A
0800ARO,Kirawa Road,-1.237121,36.760533,1,119
0800'AS,Njuguna's,-1.258805,36.779391,1,114W
0800ASG,Stage Soko,-1.219718,36.714259,1,119
0800BAC,ABC,-1.259562,36.775694,1,48K
0800BAE,Lower Kabete Posta,-1.240899,36.747631,1,118
0800BAM,Biziambwa,-1.271492,36.814046,1,119A
0800BEC,Chase Bank,-1.271212,36.800755,1,48A
0800BKM,Kwambira,-1.110833,36.631226,1,114W
0800BYS,By-Pass,-1.234819,36.7783,1,119A
0800CCK,CCK/Kianda School,-1.26386,36.7578,6,23KG 30 105 114W 115 135
0800CFL,Chiromo Flyover,-1.272487,36.80373,3,48O 48A 48B
0800CHO,Chiromo (Mortuary),-1.271148,36.806449,2,48A 48B
0800CHR,Chiromo,-1.270568,36.806903,2,48A 48B
0800CIG,Chiromo/Mirage,-1.270106,36.807123,1,48A
0800CKH,Kwa Church,-1.228609,36.708729,1,118
0800COS,Acorn House/Ipsos Synovate,-1.283087,36.765798,1,48K
0800COT,Convent Drive,-1.284406,36.763979,1,48K
0800DER,9 Riverside,-1.269983,36.796941,1,48A
0800DIM,Ndumboini,-1.260613,36.7235,1,114W
0800DPT,Dennis Pritt,-1.285006,36.78791,1,48C
0800EAI,Eden Square/ICEA,-1.268734,36.805905,1,115
0800EDS,Eden Square,-1.26919,36.8064,1,105
0800EIG,Ngenia/Kwa DO,-1.107545,36.638924,1,114W
0800ELM,El Molo Drive/Subru Motors,-1.278282,36.770226,2,48K 48A
0800EML,Zambia,-1.269264,36.789785,1,48A
0800ERE,Brookside Drive,-1.260387,36.792086,1,114W
0800ETN,Total Mountain View,-1.264427,36.738788,1,114W
0800EWA,Swatch Place,-1.164273,36.64041,1,114W
0800GAT,Gathiga,-1.219036,36.738837,1,119A
0800GIT,Gitaru,-1.239081,36.674939,2,114W 135
0800GKS,KSG,-1.240046,36.745099,1,118
0800GMG,General Mathenge,-1.254684,36.80215,1,119A
0800GPR,Gama Pinto Road,-1.26187,36.79974,3,23KG 115 135
0800GRP,German Embassy/Riverside Paddocks,-1.268324,36.785744,1,48A
0800GSK,KSG Chapel,-1.239348,36.742165,1,118
0800HEK,St. Marks Church/Lion's Place,-1.26096,36.796566,1,23KG
0800HES,Heshima Supermarket/Stagi ya Basi,-1.264023,36.751338,6,23KG 30 105 114W 115 135
0800HOS,Loresho,-1.247454,36.778922,1,118
0800HTA,Hanita,-1.227316,36.707608,1,118
0800IAS,Arimis,-1.152364,36.638447,1,114W
0800IGB,Bridge,-1.233292,36.713026,1,118
0800IGL,Isaac Gathanju Road/Lavington Shopping Centre,-1.27996,36.769263,1,48K
0800IML,Imperial Bank,-1.270238,36.799301,1,48A
0800IMP,Impala Hotel,-1.264075,36.810185,3,118 119 119A
0800ISK,ISK,-1.232788,36.763997,1,119A
0800JCR,Jacaranda/Gatundu,-1.279389,36.783492,2,48O 48B
0800JGG,James Gichuru/Gitanga Road Junction,-1.289462,36.761562,1,48K
0800JJ.,J.J,-1.268154,36.781288,1,48A
0800KAH,Kihingo,-1.219508,36.741069,1,119A
0800KAS,Gasio,-1.238508,36.726314,1,118
0800KBA,Kiambaa,-1.205796,36.656692,3,114W 115 135
0800KBB,Kabete Barracks/ABC,-1.25889,36.77816,7,23KG 30 48K 105 114W 115 135
0800KBL,Kabete Lane/Total Spring Valley/ Bypass,-1.254147,36.792827,2,118 119
0800KBY,Kabay/Msamaria Mwema Children'S Home,-1.226177,36.728261,1,119
0800KGT,Mountain View,-1.264415,36.740384,4,105 114W 115 135
0800KHC,Kiambu Institute Of Hostels And Catering,-1.224267,36.724677,1,119
0800KIN,Kinoo,-1.255397,36.694309,5,103 105 114W 115 135
0800KIR,Kirawa School,-1.230213,36.761508,1,119A
0800KKC,Kibichiku Centre,-1.227551,36.730192,1,119
0800KKI,Kasuku centre,-1.275644,36.794924,1,48C
0800KLH,K1/Kobil,-1.268352,36.812267,3,118 119 119A
0800KMC,Kiahuria Medical Clinic/Mama Symo Kiosk,-1.221564,36.717457,1,119
0800KMD,Kamandura,-1.128719,36.633928,2,114W 135
0800KMR,Kamirithu,-1.117782,36.631331,3,114W 115 135
0800KNE,Kapenguria,-1.239182,36.734778,1,118
0800KNG,Kangundo,-1.279388,36.79045,1,48C
0800KNN,Kanini,-1.233988,36.744665,1,119
0800KNO,Ndongoro Tank,-1.235727,36.71655,1,118
0800KRA,Waruku,-1.263118,36.763529,1,114W
0800KRN,Kandara Road/Kenya High,-1.276931,36.785988,2,48O 48B
0800KSP,Kabete Spring Valley,-1.240795,36.751152,1,118
0800LAA,Kirawa Close,-1.240684,36.748833,1,118
0800LKM,Lekamu,-1.228698,36.73164,1,119
0800LMI,Mvuli,-1.262351,36.792899,1,48K
0800LNN,Lenana,-1.28888,36.787014,1,48C
0800LRS,Loreto Msongari,-1.26211,36.774077,1,48K
0800LUN,Luna Park/Mpaka Road,-1.263331,36.806535,3,118 119 119A
0800LVI,Dove Hill,-1.241451,36.75409,1,118
0800LVW,Lake View,-1.24381,36.76821,1,119
0800LWE,Hillview,-1.246934,36.775526,1,118
0800MAG,Magnolia Hills,-1.23312,36.767312,1,119A
0800MAY,Mayfair,-1.263458,36.808186,2,119 119A
0800MGJ,Mandera/Gichugu Road Junction,-1.274985,36.793481,2,48O 48B
0800MMS,Mwimuto Salvation Army/Pefa/Bluechip Apartments,-1.233323,36.741328,1,119
0800MPS,Mp Shah,-1.26482,36.811256,3,118 119 119A
0800MRI,Mugoiri Rd,-1.28422,36.778875,1,48B
0800MTG,Muthiga Academy,-1.251837,36.687823,5,103 105 114W 115 135
0800MUI,Mugoiri,-1.284328,36.778616,1,48O
0800MUN,Millenium,-1.269908,36.795418,1,48A
0800MUS,Museum,-1.274128,36.811825,8,23KG 30 105 115 135 48A 48B 48C
0800MWG,Mwingi Rd/Garage,-1.280677,36.781659,2,48O 48B
0800MWM,Mwimuto,-1.234685,36.747379,1,119
0800N'A,Pefa King'eero,-1.224108,36.707355,1,118
0800NDJ,Ndumbuini Junction,-1.259125,36.722524,1,103
0800NGR,Globe,-1.277348,36.821113,7,106 107 11A 23W 118 119 119A
0800NJG,Njuguna's,-1.25887,36.78039,3,23KG 115 135
0800NKE,New Kitisuru Estate,-1.235662,36.749504,1,119
0800NMA,Makueni,-1.284179,36.779029,1,48O
0800NTD,Netherlands,-1.269657,36.79343,1,48A
0800OAG,Chiromo/Mirage,-1.270168,36.807091,1,115
0800ODO,Sodom,-1.264078,36.753546,1,114W
0800OG/,King'eero/Mwisho,-1.224966,36.705585,1,118
0800OID,Brookside,-1.260457,36.792038,1,23KG
0800OKC,Ole Kejuado Road/Corner Primary School,-1.275885,36.788924,2,48O 48B
0800OMO,Sodom,-1.264029,36.754412,1,23KG
0800OOK,Posta/Soko Nne,-1.26367,36.730052,1,114W
0800ORI,Woria,-1.267768,36.783777,1,48A
0800ORS,Othaya Road Stage,-1.288635,36.77301,3,48O 48B
0800OSO,Sodom,-1.264019,36.753682,1,30
0800PBB,Prime Bank,-1.271732,36.801646,3,48O 48A 48B
0800PEP,Peponi House Preparatory,-1.243591,36.760732,1,118
0800PLP,Parklane Place,-1.275983,36.792863,2,48O 48B
0800PMN,Prime Bank,-1.271048,36.801551,1,48C
0800PPN,Peponi Road,-1.25939,36.80195,3,118 119 119A
0800PPT,Parklands Police Station/ Police Post,-1.265185,36.811861,3,118 119 119A
0800PSC,Parklands Sports Club,-1.269447,36.812428,3,118 119 119A
0800QPK,Queen's Park,-1.278994,36.790882,1,48C
0800RAH,Sugarboard/Shell,-1.26433,36.743986,1,114W
0800RAZ,Liz Gate Apartments,-1.238265,36.723835,1,118
0800REG,Regen,-1.247038,36.681033,5,103 105 114W 115 135
0800RER,Spring Valley Police/Suraya,-1.249706,36.784705,1,119
0800RGR,Ndongoro,-1.229827,36.70987,1,118
0800RHC,St. Mark's Church/Lion's Place,-1.260967,36.796558,1,115
0800RLN,Riverside Lane,-1.269707,36.794005,1,48A
0800RRD,Ramisi Road,-1.285672,36.762897,1,48K
0800SAC,Gathiga Secondary School,-1.222708,36.750145,1,119A
0800SAP,Planning House,-1.245527,36.771004,2,118 119
0800SFA,Kwa Farasi,-1.238914,36.787202,1,119A
0800SHK,Shirika House,-1.273288,36.816403,3,118 119 119A
0800SNN,Spanish Villas/Lenana,-1.289972,36.786762,1,48C
0800SRT,Sarit Center,-1.260837,36.802837,3,118 119 119A
0800STC,St.Catherine,-1.234139,36.775916,1,119A
0800STR,Strathmore School/Mbabane Road,-1.270877,36.775226,1,48K
0800STT,St.Austin's/Saitoti,-1.275664,36.7719,2,48K 48A
0800STY,St. Mary's School,-1.26777,36.774734,1,48K
0800SWZ,Kwa Ziki Stairs,-1.232654,36.712237,1,118
0800TAC,Total/ACK Mwimuto,-1.235265,36.748602,1,119
0800TAS,Taj Apartments Stage,-1.272376,36.802951,3,48O 48A 48B
0800TCB,TCBE Church,-1.221929,36.718379,1,119
0800TGR,Thigiri Ridge/Kitisuru Road,-1.243333,36.792274,1,119A
0800TIU,Uthiru,-1.260091,36.721914,1,30
0800TOT,Total Wangige,-1.220756,36.712077,1,118
0800TRR,Three Quarter,-1.269314,36.790855,1,48A
0800TTM,Total Mayfair,-1.263498,36.809221,3,118 119 119A
0800UAK,ACK Kibichuku,-1.223516,36.722746,1,119
0800UNK,Ngurukuri/Kwa Ziki,-1.231887,36.711583,1,118
0800URI,Gitaru,-1.227391,36.664145,1,114W
0800UTH,Uthiru Junction,-1.260216,36.718422,4,103 105 115 135
0800UWI,Gitaru Kwa Gwacii,-1.235533,36.667686,1,105
0800VRJ,Viraj,-1.283941,36.786132,1,48C
0800WAR,Car Wash,-1.234152,36.714098,1,118
0800WDC,Westlands DC/Church Road/Safaricom,-1.259555,36.786599,7,23KG 30 48K 105 114W 115 135
0800WHC,Wangige Health Centre,-1.222894,36.721061,1,119
0800WHS,Westhouse,-1.253039,36.802846,1,119A
0800WPB,Parklands Baptist/Westlands,-1.265669,36.800808,1,48C
0800WST,Westlands,-1.26176,36.803678,3,118 119 119A
0800YAE,Daycare,-1.23707,36.719474,1,118
0800YSB,Bypass,-1.24739,36.77756,1,118
0800YUE,Red Ruby,-1.270408,36.813051,1,118
0800YYA,Yaya,-1.291734,36.787041,1,48C
080185_,85,-1.269652,36.791807,1,48A
0801AAL,Kampala,-1.135547,36.635539,1,114W
0801ABE,ABC Place Entrance,-1.25919,36.77746,1,135
0801ACI,Ipsos Synovate/Acorn House,-1.282955,36.765907,1,48K
0801ACR,Ngara/Victory Church,-1.277043,36.820282,1,118
0801AEG,Zambezi Stage,-1.214002,36.661133,1,114W
0801AEH,Wangige Health Center,-1.222762,36.72027,1,119
0801AFL,Afralti/X-Telcom,-1.263771,36.761316,6,23KG 30 105 114W 115 135
0801AGM,Ack Assemblies Of God Mwimuto,-1.23433,36.74564,1,119
0801AKA,Kiambaa,-1.212564,36.659556,1,114W
0801AOA,Karuna Close,-1.258698,36.801501,1,118
0801APH,APHRC,-1.229616,36.760377,1,119A
0801ATI,Ahiti,-1.26374,36.72504,1,30
0801AUT,Muthiga,-1.250598,36.685664,1,115
0801AWM,Mwaniki,-1.219184,36.739083,1,119A
0801AYA,Daycare,-1.236253,36.71751,1,118
0801BCM,Bluechip Apartments/Mwimuto Pefa/Tumaini Gardens,-1.23361,36.74215,1,119
0801BER,Chase Bank/Prime Bank,-1.271272,36.800696,1,48A
0801BIL,Kobil,-1.267522,36.812063,1,118
0801BKL,K1 Club,-1.268685,36.812171,2,118 119
0801BME,Kambembe,-1.141315,36.636545,1,115
0801BPA,Brooklyn Palm Apartments,-1.277354,36.790529,1,48O
0801BRD,Brookside Drive Junction,-1.255569,36.797451,2,118 119
0801BRK,Westlands DC/Church Road/Safaricom/Brookside Drive,-1.260987,36.792201,7,23KG 30 48K 105 114W 115 135
0801BYS,By-Pass,-1.235018,36.778332,1,119A
0801C8J,87 Junction/Gachecheni,-1.258982,36.703839,1,114W
0801CFY,Chiromo Campus Flyover,-1.272553,36.803893,3,48O 48A 48B
0801CHR,Chiromo,-1.270841,36.807032,7,23KG 30 105 114W 115 135 48C
0801CNG,Chunga Mali,-1.16034,36.639694,2,114W 135
0801COV,Convent Lane,-1.284454,36.76399,1,48K
0801CPS,Ole Kajuado Rd,-1.277871,36.791112,2,48O 48B
0801CUS,Custoil/Thiong'o,-1.26396,36.73031,3,105 114W 135
0801DCR,Day Care/Kandara Road,-1.277037,36.785746,1,48O
0801DEL,Deloitte/Waruku,-1.263181,36.76439,6,23KG 30 105 114W 115 135
0801DEP,Deliverance Church/Kwa Miti,-1.260928,36.713219,2,103 105
0801DMN,Dominion Church,-1.247565,36.681451,2,103 105
0801DOS,Kwa DO,-1.10794,36.639396,1,135
0801DPR,Dennis Pritt,-1.284874,36.78795,1,48C
0801DRU,Red Ruby,-1.270457,36.812986,1,118
0801ECK,Deliverance Church/Kwa Miti,-1.260987,36.713173,1,135
0801EIV,Riverside Drive,-1.26972,36.792526,1,48A
0801ELW,Eldama Park/Westhouse,-1.252953,36.802685,1,119A
0801FLF,Flyover Turnoff,-1.25869,36.72267,1,30
0801GAC,Gacio Junior Academy,-1.23856,36.72642,1,118
0801GCC,87 - Junction /Gachecheni,-1.258675,36.702908,2,103 105
0801GIN,Mariguini,-1.260327,36.720437,1,135
0801GMN,General Mathenge Junction,-1.254723,36.802063,1,119A
0801GMU,Muguku,-1.238022,36.665947,1,105
0801GNN,Ngenia,-1.10799,36.639563,1,115
0801GNW,Mwingi,-1.281228,36.7807,1,48O
0801HAI,Muthiga,-1.250553,36.685361,1,135
0801HAU,Planning House,-1.24587,36.773059,1,119
0801HBE,Kabete Rehab,-1.239005,36.731324,1,118
0801HIR,Chiromo,-1.271142,36.806806,3,48O 48A 48B
0801HVW,Hill View/Zen Gardens,-1.246299,36.774265,1,118
0801IAO,Muthangari Police Station,-1.27134,36.77506,1,48A
0801IEB,Bridge,-1.23333,36.713036,1,118
0801IF',Pefa King'eero,-1.224478,36.706572,1,118
0801IKR,Shirika,-1.273021,36.816808,1,119
0801ILA,ILRI/Uthiru Roundabout,-1.26432,36.7212,1,30
0801IMA,Stima Plaza,-1.270719,36.820553,1,114W
0801IMP,Imperial Bank,-1.27038,36.799248,1,48A
0801IOR,Woria,-1.267891,36.783836,1,48A
0801IRA,Sarit,-1.259866,36.802107,1,119
0801IUI,Ngurukuri/Kwa Ziki,-1.232005,36.711679,1,118
0801JCA,Jacaranda,-1.279428,36.783534,1,48O
0801JDU,Kamandura Junction,-1.130406,36.634201,1,135
0801JGG,James Gichuru/Gitanga Road Junction,-1.289359,36.761788,1,48K
0801JGJ,James Gichuru Junction,-1.259555,36.775365,6,23KG 30 105 114W 115 135
0801JNA,Japan,-1.269243,36.788594,1,48A
0801KAC,Kasuku Centre,-1.275441,36.794799,2,48O 48B
0801KAH,Kihingo,-1.220034,36.742507,1,119A
0801KAM,Kamutii-Ini,-1.229795,36.70979,1,118
0801KAN,Kandara Road,-1.276056,36.79302,2,48O 48B
0801KBI,Kabete Technical Institute,-1.26361,36.72705,1,30
0801KBP,Kabete Police Station,-1.26226,36.72651,1,105
0801KBT,Kabete Springs,-1.240831,36.751169,1,118
0801KBU,Kibichiku Centre,-1.22791,36.73042,1,119
0801KGD,Kangundo,-1.279682,36.790375,1,48C
0801KGH,Kinoo Girls High School,-1.256449,36.696728,1,103
0801KHC,Kiambu Institute Of Hotels And Catering/Valence School,-1.22438,36.72464,1,119
0801KIG,King'eero-Mwisho,-1.224947,36.705573,1,118
0801KIL,Kileleshwa Day Nursery,-1.276826,36.792352,2,48O 48B
0801KMP,Kampala Way Filling Station,-1.240334,36.675389,2,103 105
0801KNG,Kangundo Rd,-1.279382,36.790422,1,48B
0801KNN,Kanini,-1.23412,36.74458,1,119
0801KPR,Kileleshwa Primary School,-1.277332,36.791722,1,48B
0801KRH,Kamirithu,-1.117688,36.631237,3,114W 115 135
0801KRW,Kirawa Road,-1.237003,36.76019,1,119
0801LIO,Lion's Place,-1.261185,36.796056,2,115 135
0801LKM,Lekamu,-1.22887,36.731699,1,119
0801LKN,Likoni,-1.28355,36.785444,1,48B
0801LNI,Likoni,-1.283381,36.78581,1,48C
0801LNN,Lenana,-1.289025,36.787129,1,48C
0801LOT,Consolata,-1.267147,36.804057,1,114W
0801LVW,Lake View,-1.243703,36.768091,1,119
0801MAB,Zambia,-1.269368,36.789785,1,48A
0801MBM,Kambembe,-1.139152,36.636231,1,114W
0801MBR,Kwa Mbira,-1.110411,36.631226,2,115 135
0801MBT,Kamirithu Bridge,-1.124577,36.632535,1,114W
0801MGI,Muthangari Police Station,-1.265893,36.773464,1,48K
0801MNI,Makueni,-1.284216,36.779104,1,48O
0801MOS,Modern Oil Service Station,-1.229024,36.709134,1,118
0801MPS,MP Shah,-1.264554,36.810696,3,118 119 119A
0801MSO,Loreto Msongari,-1.262055,36.774296,1,48K
0801MUC,Muthiga Academy,-1.252221,36.688001,3,103 105 135
0801MUG,Mugoiri,-1.284459,36.778403,1,48O
0801MUM,Muthiga/Kikopey,-1.24962,36.684358,2,103 105
0801MVT,Mountain View/Total Petrol Station,-1.264726,36.738657,2,30 105
0801MWG,Mwingi/Garage,-1.280611,36.78179,1,48O
0801MWK,Kasuku Centre,-1.2759,36.794876,1,48C
0801NAB,Prime Bank,-1.271916,36.801769,1,48B
0801NAE,Seven Seas,-1.270632,36.799693,1,48A
0801NAG,New Muthaiga,-1.243676,36.792301,1,119A
0801NAL,Farasi Lane,-1.23902,36.764878,1,119
0801NEE,Engen,-1.264286,36.756563,1,23KG
0801NEI,Millenium,-1.269999,36.795493,1,48A
0801NGD,Gathiga Secondary School,-1.222723,36.750029,1,119A
0801NIG,Knight Frank,-1.270155,36.797858,1,48A
0801NRS,Arironi's,-1.149691,36.637956,1,114W
0801NSH,Nairobi School,-1.260483,36.770999,6,23KG 30 105 114W 115 135
0801NTM,Nne Market,-1.263381,36.72858,1,115
0801OAH,Ha Joram,-1.176806,36.642467,2,114W 115
0801OAM,Kwambira Soko,-1.108993,36.629891,1,115
0801OCF,Office Park,-1.270203,36.79847,1,48A
0801ODN,Ndongoro,-1.235143,36.715488,1,118
0801OII,Arironi's,-1.146115,36.637358,1,135
0801OKI,Kobil,-1.267474,36.812045,1,119
0801OLK,Ole Kejuodo/Kandara Road Junction,-1.27605,36.788991,1,48O
0801OLO,Consolata,-1.267424,36.804301,1,23KG
0801OMH,Oasis Mission Hospital,-1.23249,36.73767,1,119
0801OSA,Crossroads,-1.246412,36.774448,2,118 119
0801PBN,Prime Bank,-1.271918,36.801774,2,48O 48A
0801PKK,Mpaka Road/Luna Park,-1.263499,36.806517,1,118
0801PKN,Posta Kangemi,-1.264447,36.750453,1,23KG
0801PMB,Prime Bank,-1.271048,36.801651,1,48C
0801PPC,Peponi Court,-1.285899,36.78236,1,48B
0801PPI,Peponi Road Junction/Sarit,-1.258949,36.801848,1,119A
0801PPN,Peponi Road,-1.259158,36.80171,2,118 119
0801PSC,Parklands Sports Club,-1.269634,36.812391,3,118 119 119A
0801PSE,Peponi House,-1.243697,36.76081,1,118
0801PST,Lower Kabete Posta,-1.240806,36.747626,1,118
0801RGN,Regen Filling Station,-1.246498,36.680147,2,103 105
0801RHY,Rhythm College,-1.23877,36.728965,1,118
0801RIO,Rironi,-1.154489,36.638704,1,135
0801RLN,Riverside Lane/Montessori,-1.26987,36.794136,1,48A
0801RPD,Riverside Paddocks,-1.268411,36.785429,1,48A
0801RQE,Three Quarter,-1.269394,36.79082,1,48A
0801RRN,Rironi,-1.155045,36.638782,2,114W 115
0801RTI,Westfield Apartments,-1.237165,36.719699,1,118
0801SAF,AACC/Safaricom/Church Road,-1.25986,36.786861,7,23KG 30 48K 105 114W 115 135
0801SDM,Sodom,-1.264329,36.754251,6,23KG 30 105 114W 115 135
0801SEP,KSG Chapel,-1.239483,36.742734,1,118
0801SGS,Sugar Board/Shell Petrol Station,-1.264597,36.741972,2,30 105
0801SHC,Shell/Cooperation,-1.260461,36.71059,2,103 105
0801SNT,St.Mary's School,-1.268121,36.775004,1,48K
0801SPA,Posta,-1.264246,36.751354,1,114W
0801SRT,Sarit,-1.25988,36.8022,2,118 119A
0801STC,St.Catherine,-1.234224,36.775424,1,119A
0801STM,St. Marks/Lion's Place,-1.26132,36.79749,3,105 114W 115
0801STU,St.Austin's/Saitoti,-1.275755,36.772072,2,48K 48A
0801SVP,Spring Valley Police Station,-1.25023,36.78493,2,118 119
0801TGR,Thigiri Ridge/Kitisuru Road,-1.243204,36.792092,1,119A
0801TI/,White House/News,-1.267859,36.782012,1,48A
0801TIE,Site,-1.180173,36.643876,1,114W
0801TIG,Muthiga,-1.250705,36.685579,1,114W
0801TOT,Total/Kabete Lane,-1.253986,36.792183,2,118 119
0801UEN,Uthiru Junction,-1.260799,36.71692,2,105 135
0801UIT,Custoil/Thiong'o,-1.264153,36.731364,1,115
0801UON,Campus/University Of Nairobi School Of Business,-1.23969,36.739878,1,118
0801VHW,Hill View,-1.246873,36.77536,2,118 119
0801WAC,Kirawa Close,-1.240663,36.748897,1,118
0801WAL,Total Wangige,-1.220866,36.711969,1,118
0801WID,Wida Hotel,-1.220669,36.663259,3,114W 115 135
0801WPB,Westlands/Parklands Baptist,-1.265645,36.801015,1,48C
0801YGN,Uganda/Germany,-1.268331,36.784941,1,48A
0801YYA,Yaya,-1.291648,36.787161,1,48C
0801ZEN,Zen Gardens,-1.245221,36.769856,2,118 119
0803GAT,Gathiga Mwisho,-1.219101,36.738666,1,119A
0803LAV,Lavington Shopping Centre/ Shell,-1.280122,36.769052,3,48K 48A
0803MDM,Methodist/Mazeras,-1.290119,36.777343,1,48B
0803NDT,Ndumbuini Terminus,-1.25694,36.7237,2,30
0803OYA,Othaya Road,-1.288534,36.773089,1,48O
0810ACC,Acacia,-1.220931,36.715761,1,119
0810AIE,Westlands Terminal,-1.265468,36.800978,1,48K
0810AII,Mariguini,-1.260113,36.71913,1,114W
0810ARB,Arboretum,-1.273436,36.800785,3,48O 48B 48C
0810ARK,Waruku,-1.262741,36.764331,1,30
0810ARM,Arironi's,-1.148981,36.63797,3,114W 115 135
0810BDI,Brookside Drive,-1.260441,36.792086,1,48K
0810BEL,Pell,-1.167898,36.641121,3,114W 115 135
0810CL',St. Mark's Church/Lion's Place,-1.260978,36.796558,1,135
0810CNG,Chunga Mali,-1.159339,36.63971,3,114W 115 135
0810COP,Cooperation,-1.260283,36.710522,5,103 105 114W 115 135
0810CRO,Afraiti/X-Telcom,-1.263537,36.76119,1,114W
0810CYH,Chiromo Mortuary,-1.271217,36.806442,1,48O
0810EDU,Eden Square/ICEA,-1.268752,36.805878,1,135
0810EGT,87 Stage,-1.257979,36.701583,5,103 105 114W 115 135
0810EIV,Hill View,-1.246896,36.775502,1,119
0810EOR,Waruku/Deloitte,-1.262918,36.764213,1,23KG
0810EUE,Eden Square/ICEA,-1.26869,36.805937,1,23KG
0810FTD,CFC / Delta,-1.265445,36.802568,1,105
0810GCR,Ha Gicuru,-1.228431,36.665231,3,114W 115 135
0810GIC,Kwa Gicini,-1.192524,36.650483,3,114W 115 135
0810GIT,Gitaru Kampala,-1.232893,36.669092,2,115 135
0810GOA,Chiromo/Mirage,-1.270144,36.80715,1,23KG
0810GWI,Mwingi,-1.283117,36.786046,1,48C
0810'HI,Thiong'o,-1.263685,36.730589,1,30
0810HON,Holy Trinity,-1.281996,36.780049,1,48O
0810IA-,Marigu-ini,-1.260349,36.719436,1,105
0810ICK,Office Park,-1.270106,36.798411,1,48A
0810IKA,Ika Ithano,-1.178277,36.643331,3,114W 115 135
0810INL,Chiromo Lane,-1.270414,36.807284,1,48O
0810INO,Main Campus/University Way/Koinange,-1.280964,36.816366,1,48A
0810IOA,Gichagi Road,-1.221152,36.746341,1,119A
0810IRT,Gitaru Vantage,-1.234494,36.671057,1,114W
0810JUN,Kamandura Junction,-1.131017,36.634524,3,114W 115 135
0810KAM,Rungiri,-1.23116,36.711048,1,118
0810KAR,Kari/James Gichuru,-1.259215,36.774992,7,23KG 30 48K 105 114W 115 135
0810KBA,Kiambaa,-1.198661,36.653775,3,114W 115 135
0810KBB,Kambembe,-1.145791,36.637495,3,114W 115 135
0810KBT,Kabete Police Post/Nne Market,-1.261464,36.725825,4,105 114W 115 135
0810/KI,Afralti/X-Telkom,-1.26374,36.759398,1,115
0810KIN,Mama Ngina,-1.257307,36.699405,3,103 105 135
0810KMI,Kangemi Soko,-1.264093,36.746848,2,30 105
0810KPL,Kampala,-1.240285,36.675546,5,103 105 114W 115 135
0810KPR,Kileleshwa Police Station/Roundabout,-1.275117,36.79406,2,48O 48B
0810KRC,Kabete Rehabilitation Center,-1.238917,36.731366,1,118
0810LIO,Lion's Place,-1.260681,36.794578,5,23KG 30 105 115 135
0810LLA,Spring Valley Police,-1.2499,36.7847,1,118
0810LOR,Spring Valley Roundabout,-1.250993,36.785612,2,118 119
0810MAE,New Muthaiga,-1.243676,36.792424,1,119A
0810MCP,Main Campus/University Way,-1.280986,36.816241,6,30 48O 105 115 48B 48C
0810MOH,Chiromo/Mirage,-1.270167,36.807104,1,114W
0810MOI,Chiromo/Mirage,-1.270112,36.807117,1,30
0810MRE,Kangemi Market,-1.2641,36.746808,1,114W
0810MRG,Mariguini,-1.260016,36.720428,2,105 135
0810MSM,Museum,-1.272516,36.815132,4,23W 118 119 119A
0810MTG,Muthiga,-1.249498,36.68443,5,103 105 114W 115 135
0810MUG,Muguga,-1.185962,36.647084,3,114W 115 135
0810MUR,Muthangari Police Station,-1.265837,36.773351,1,48K
0810NAS,Farasi Lane,-1.239127,36.765125,1,119
0810NCO,Muthangari Police Station,-1.271195,36.775054,1,48A
0810NDG,Kamutii-Ini,-1.234791,36.715071,1,118
0810NIQ,Eden Square/ICEA,-1.268751,36.805878,1,48C
0810NMI,Kangemi,-1.264114,36.74518,1,115
0810NNN,Nne Market/Posta,-1.264136,36.734075,3,114W 115 135
0810NPN,Main Campus/University Way,-1.280964,36.816371,1,23KG
0810NQU,Eden Square,-1.268745,36.805876,1,114W
0810NSH,Nairobi School,-1.26017,36.77119,6,23KG 30 105 114W 115 135
0810NUE,General Mathenge Junction,-1.251765,36.78905,2,118 119
0810OII,Chiromo/Mirage,-1.270167,36.807099,1,135
0810OMH,Oasis Mission Hospital,-1.232464,36.737916,1,119
0810OPT,Kabete Police Station/Nne Market/posta,-1.26272,36.727719,1,30
0810ORA,Crossroads,-1.246299,36.774427,2,118 119
0810OSA,Lion's Place,-1.260663,36.794581,1,114W
0810PET,Flyover Turnoff,-1.258943,36.722494,1,30
0810RGA,Kangemi Market,-1.264286,36.750083,1,105
0810RIR,Rironi,-1.154283,36.63886,3,114W 115 135
0810RL.,St. Marks/Lions,-1.261009,36.796764,1,114W
0810R/O,Bypass/Loresho,-1.247357,36.777632,1,119
0810ROA,Strathmore School/Mbabane Road,-1.271041,36.775564,1,48A
0810ROO,Chiromo Mirage,-1.270178,36.807096,1,48C
0810RUG,Rungiri,-1.242892,36.677207,5,103 105 114W 115 135
0810SAI,Sarit,-1.261112,36.797384,1,30
0810SGB,Sugarboard/Shell,-1.26417,36.74399,1,30
0810SIG,Sigona Golf,-1.222852,36.663602,3,114W 115 135
0810SIT,Site,-1.180555,36.644643,3,114W 115 135
0810SMO,Sodom,-1.264061,36.754283,1,115
0810SOE,White House/News,-1.267789,36.781942,1,48A
0810SRA,Eden Square,-1.268717,36.805878,1,30
0810SVB,Brookside Drive,-1.255485,36.797732,2,118 119
0810SVI,Spring Valley Shopping Centre,-1.248083,36.797256,1,119A
0810SYY,Siaya,-1.282279,36.787043,1,48C
0810TNA,Gitaru Junction,-1.235018,36.671333,1,105
0810TNG,Thiong'o,-1.263964,36.732767,4,105 114W 115 135
0810UAS,Karuna Close,-1.258412,36.801458,2,118 119
0810UJN,Njuguna's,-1.258827,36.779209,1,30
0810UON,Campus/University Of Nairobi School Of Business,-1.239652,36.740087,1,118
0810UTH,Kanisa/Kwa Miti,-1.260483,36.717077,3,103 114W 135
0810VIU,University of Nairobi,-1.281175,36.81603,1,114W
0810VWO,Mountain View,-1.264318,36.739805,1,30
0810WIA,Wangige Terminus,-1.21915,36.712317,1,119
0810WJM,Wanjimi/87 Junction,-1.258501,36.703092,5,103 105 114W 115 135
0810WKU,Waluku,-1.262881,36.764562,1,115
0810WOA,Kwa Rhoda,-1.232969,36.739526,1,119
0810WPS,Westlands Primary School,-1.259946,36.790338,7,23KG 30 48K 105 114W 115 135
0810WRA,Kwambira,-1.109186,36.632664,1,115
0810WST,Westlands Stage,-1.265439,36.802804,7,23KG 30 105 114W 115 135 48C
0810ZAB,Zambezi,-1.212741,36.659981,3,114W 115 135
0810ZEN,Zen Garden/Hill View,-1.245146,36.769137,2,118 119
0811AAC,Consolata,-1.26845,36.805237,1,115
0811AAK,Kampala,-1.135622,36.63555,1,115
0811AAP,Kampala,-1.233222,36.669233,1,135
0811ABC,ABC Place,-1.259077,36.778708,7,23KG 30 48K 105 114W 115 135
0811ABI,Kiambaa,-1.206679,36.656959,1,115
0811AEU,Kiahuria Medical Center/Mama Symo Kiosk,-1.22208,36.718597,1,119
0811AFT,CFC / Delta,-1.265702,36.802681,1,23KG
0811AGA,Aga Khan High School,-1.259415,36.78264,7,23KG 30 48K 105 114W 115 135
0811AKK,ACK Kibichiku,-1.223468,36.722145,1,119
0811/AM,Mountain View/Total,-1.264579,36.738512,1,115
0811ANG,Fig Tree,-1.275692,36.822953,7,106 107 11A 11B 23W 119 119A
0811APN,Kikuyu Town Bus Park,-1.242861,36.664805,1,105
0811ARK,Waruku,-1.262854,36.764476,1,105
0811ASR,Stairs,-1.227069,36.707398,1,118
0811AT.,St. Mark's/Lion's Place,-1.261182,36.796732,1,48K
0811AUM,Amaica Restaurant,-1.249373,36.800015,1,119A
0811CAR,Chiromo/Mirage,-1.270149,36.807185,1,105
0811CNG,Chunga Mali,-1.159267,36.639522,1,115
0811CRU,James Gichuru,-1.259889,36.775714,1,48K
0811CSA,Car Wash,-1.234075,36.713959,1,118
0811CSL,Consolata,-1.266975,36.801222,1,48C
0811DAC,CFC/ Delta,-1.265466,36.802568,1,30
0811DHE,Winda Hotel,-1.216779,36.662622,1,115
0811ECA,ICEA,-1.269007,36.805562,1,23KG
0811ECK,Kiambea/Gicini,-1.192769,36.65034,1,114W
0811EIS,Site,-1.180601,36.644149,1,115
0811ELH,Shell/Cooperation,-1.260472,36.710378,1,135
0811ENR,Regen,-1.246541,36.680147,2,115 135
0811EOK,Posta/Soko nne,-1.263685,36.730052,1,105
0811ETT,87 - Stage/Total,-1.257929,36.700881,3,103 105 135
0811EYH,Loresho/Bypass,-1.247431,36.778675,2,118 119
0811/FC,CFC/Delta,-1.265402,36.802611,1,114W
0811FLA,Delta/CFC,-1.265944,36.802729,1,115
0811GCN,Gicini,-1.191999,36.650001,3,114W 115 135
0811GGN,General Mathenge Junction,-1.251944,36.789047,2,118 119
0811GIT,Kampala,-1.233226,36.66923,2,114W 115
0811IAA,Acacia,-1.220771,36.715212,1,119
0811IEC,ICEA,-1.26845,36.805141,1,114W
0811IHG,Thiong'o,-1.264731,36.735594,1,30
0811IHR,Uthiru,-1.260815,36.716732,1,115
0811IKA,Ika Ithano,-1.178246,36.643085,3,114W 115 135
0811IKM,Kwa Mbira,-1.108589,36.632752,1,114W
0811INI,Mwingi Rd,-1.2831,36.786025,1,48B
0811IRS,Arimi's,-1.151762,36.638503,1,114W
0811ISA,Sarit,-1.261278,36.802941,1,119
0811ISE,New Kitisuru,-1.23578,36.749337,1,119
0811ISK,ISK,-1.232561,36.762797,1,119A
0811ITE,Regen Filling Station,-1.246039,36.679417,1,114W
0811JMK,Jacmil Supermarket/Kinoo Stage,-1.25536,36.69366,2,103 105
0811JOR,Pel,-1.168968,36.641115,3,114W 115 135
0811KAM,Kamutii Car Wash/Ndongoro-kuini,-1.234571,36.714712,1,118
0811KAR,KARI,-1.259828,36.773922,6,23KG 30 105 114W 115 135
0811KBP,Kabete Police Station,-1.26162,36.725514,3,114W 115 135
0811KIM,Kimetrica,-1.236659,36.781229,1,119A
0811KIN,Kinoo,-1.25654,36.696911,2,115 135
0811KND,Kianda School,-1.264071,36.7585,6,23KG 30 105 114W 115 135
0811KNM,Kangemi Market,-1.26429,36.74858,3,114W 115 135
0811KNR,Kangemi Market,-1.264458,36.747036,1,30
0811KRH,Kwa Rhoda,-1.23291,36.73895,1,119
0811KSA,Kenya School Of Administration,-1.240141,36.744858,1,118
0811LAA,Total Mayfair,-1.263621,36.809156,1,119
0811LSE,Swatch Place,-1.162653,36.640061,1,115
0811MAA,Liz Gate Apartment,-1.238254,36.72391,1,118
0811MAY,Mayfair/Bypass,-1.263626,36.807402,3,118 119 119A
0811MBR,Kwa Mbira,-1.108834,36.631387,2,115 135
0811MGN,Magnolia Hills,-1.233172,36.767056,1,119A
0811MKE,Kiambea,-1.18809,36.647719,1,115
0811MRA,Kwambira Market,-1.108494,36.629579,1,114W
0811MUG,Muguga,-1.186133,36.646986,3,114W 115 135
0811MUM,Museum,-1.27332,36.814091,1,114W
0811MUS,Museum,-1.273068,36.809322,7,23KG 30 48O 105 48A 48B 48C
0811MWM,Mwimuto,-1.234894,36.74739,1,119
0811NAA,Kamandura Junction,-1.130585,36.634236,1,114W
0811NIN,Ngenia,-1.107731,36.639533,1,114W
0811NNS,Nne Market Stage / Posta,-1.263621,36.728228,1,30
0811OKL,St. Mark's/Lion's Place,-1.261287,36.796732,1,23KG
0811OKO,Kinoo,-1.2566,36.696956,1,114W
0811ONT,Ndongoro Tank,-1.235686,36.71633,1,118
0811OTD,Thiong'o Road,-1.264651,36.735669,1,115
0811PAE,Kapenguria,-1.239263,36.734751,1,118
0811PAO,Posta,-1.264114,36.734247,1,105
0811PBG,Prime Bank Stage,-1.272193,36.801426,3,48O 48B 48C
0811P/N,St. Marks/Lion's Place,-1.261303,36.796732,1,30
0811POA,Posta,-1.264232,36.751934,1,115
0811PPO,Parklands Police,-1.265387,36.811701,2,118 119
0811RAM,Ramisi Road,-1.28545,36.763137,1,48K
0811RDH,Sugarboard / Shell,-1.264114,36.743088,1,105
0811RKH,Kileleshwa Primary School,-1.277463,36.791727,1,48O
0811RMI,Strathmore/Mzima Springs,-1.271372,36.77713,1,48A
0811RNG,Rungiri,-1.242828,36.676923,2,103 105
0811RNR,Rungiri,-1.242925,36.677091,3,114W 115 135
0811RUG,Spring Valley Roundabout,-1.251331,36.785263,1,119
0811SAB,Shell/Arboretum,-1.274419,36.799929,3,48O 48B 48C
0811SAV,Shell/ Lavington/ Subaru Motors,-1.278754,36.77013,2,48K 48A
0811SIG,Sigona,-1.223703,36.663543,3,114W 115 135
0811SKO,Nne Market/Sokoni,-1.26373,36.72939,3,105 114W 135
0811SLT,St. Paul's University,-1.281025,36.81452,1,23KG
0811SNU,Rusinga School,-1.289425,36.754511,1,48K
0811'SO,St. Mark's/Lion's Place,-1.261277,36.796753,1,135
0811SRI,9 Riverside,-1.270085,36.797006,1,48A
0811SSS,Kessel Homes,-1.22342,36.752733,1,119A
0811STR,Strathmore School,-1.271307,36.775231,1,48K
0811SUU,Museum,-1.272865,36.815489,1,119
0811SVI,Spring Valley Shopping Centre/Oilibya,-1.248158,36.797149,1,119A
0811SVL,Spring Valley Stage/Intel College,-1.251508,36.787006,2,118 119
0811SYJ,Jacaranda/Siaya Road,-1.282289,36.787224,2,48B 48C
0811TAM,Immigration,-1.274947,36.772681,1,48A
0811TGI,Gitaru,-1.228373,36.664904,1,114W
0811TIP,Sarit/Pio gama pinto rd,-1.261765,36.799562,1,105
0811TKD,Kamandura Junction,-1.130596,36.634134,1,115
0811TLR,Netherlands,-1.269768,36.793374,1,48A
0811TMS,Strathmore School,-1.271088,36.775119,1,48A
0811TSI,Kanisa/Kwa Miti,-1.260472,36.717084,1,105
0811UER,Wangige Bus Terminus,-1.21922,36.712468,1,119
0811UEU,Kikuyu Terminus,-1.246423,36.6647,1,105
0811UGC,Gitaru Junction,-1.235363,36.672017,1,114W
0811UHG,Ha Gichuru,-1.228721,36.664875,1,115
0811UUI,Uthiru,-1.260781,36.717719,1,114W
0811WAG,Wangige,-1.220044,36.712365,1,118
0811WIM,Mwingi,-1.283031,36.786432,1,48C
0811ZOP,Zambezi,-1.201284,36.654722,3,114W 115 135
0812GRT,Ngara,-1.274368,36.823322,2,114W
0812KAK,Kaka Terminal,-1.285635,36.830776,2,135
0812WST,Westlands/Parklands Baptist,-1.2628,36.80031,8,23KG 30 48K 105 114W 115 135
0813KGT,Kangemi Terminus,-1.26498,36.74953,2,23KG
0813KKS,Kikuyu Terminus,-1.246669,36.665068,3,129 105
0813LMT,Limuru Town Terminal,-1.108418,36.643175,6,114W 115 135
0813WSA,Westlands,-1.262398,36.803674,3,118 119 119A
1050COM,Community,-1.291924,36.813018,2,7C 32A
081178_,87,-1.258224,36.701905,1,115
